Datetime,Global_active_power,hour,dayofweek,day
2006-12-16 17:00:00,4.222888888888889,17,5.0,
2006-12-16 18:00:00,3.6322,18,5.0,
2006-12-16 19:00:00,3.400233333333333,19,5.0,
2006-12-16 20:00:00,3.2685666666666666,20,5.0,
2006-12-16 21:00:00,3.0564666666666667,21,5.0,
2006-12-16 22:00:00,2.200133333333333,22,5.0,
2006-12-16 23:00:00,2.0616,23,5.0,
2006-12-17 00:00:00,1.8824666666666665,0,6.0,
2006-12-17 01:00:00,3.3494,1,6.0,
2006-12-17 02:00:00,1.5872666666666668,2,6.0,
2006-12-17 03:00:00,1.6622,3,6.0,
2006-12-17 04:00:00,2.2157666666666667,4,6.0,
2006-12-17 05:00:00,1.9967333333333328,5,6.0,
2006-12-17 06:00:00,1.3033,6,6.0,
2006-12-17 07:00:00,1.6200333333333332,7,6.0,
2006-12-17 08:00:00,1.8905666666666667,8,6.0,
2006-12-17 09:00:00,2.5490666666666666,9,6.0,
2006-12-17 10:00:00,3.6289,10,6.0,
2006-12-17 11:00:00,2.471,11,6.0,
2006-12-17 12:00:00,1.9158666666666664,12,6.0,
2006-12-17 13:00:00,1.6607666666666667,13,6.0,
2006-12-17 14:00:00,2.092633333333333,14,6.0,
2006-12-17 15:00:00,2.9854,15,6.0,
2006-12-17 16:00:00,3.3260333333333336,16,6.0,
2006-12-17 17:00:00,3.406766666666667,17,6.0,
2006-12-17 18:00:00,3.6971,18,6.0,
2006-12-17 19:00:00,2.9084,19,6.0,
2006-12-17 20:00:00,3.3615,20,6.0,
2006-12-17 21:00:00,3.040766666666667,21,6.0,
2006-12-17 22:00:00,1.518,22,6.0,
2006-12-17 23:00:00,0.4377333333333333,23,6.0,
2006-12-18 00:00:00,0.2763666666666667,0,0.0,
2006-12-18 01:00:00,0.3132999999999999,1,0.0,
2006-12-18 02:00:00,0.2844666666666667,2,0.0,
2006-12-18 03:00:00,0.3099333333333333,3,0.0,
2006-12-18 04:00:00,1.026333333333333,4,0.0,
2006-12-18 05:00:00,0.2935,5,0.0,
2006-12-18 06:00:00,0.61,6,0.0,
2006-12-18 07:00:00,2.4504333333333337,7,0.0,
2006-12-18 08:00:00,2.082133333333333,8,0.0,
2006-12-18 09:00:00,1.6293333333333335,9,0.0,
2006-12-18 10:00:00,1.3096333333333334,10,0.0,
2006-12-18 11:00:00,1.5619333333333332,11,0.0,
2006-12-18 12:00:00,1.7560666666666669,12,0.0,
2006-12-18 13:00:00,1.6820666666666668,13,0.0,
2006-12-18 14:00:00,1.7330333333333334,14,0.0,
2006-12-18 15:00:00,1.7842999999999998,15,0.0,
2006-12-18 16:00:00,1.9493,16,0.0,
2006-12-18 17:00:00,2.1549,17,0.0,
2006-12-18 18:00:00,2.402533333333333,18,0.0,
2006-12-18 19:00:00,2.6145,19,0.0,
2006-12-18 20:00:00,3.050566666666666,20,0.0,
2006-12-18 21:00:00,2.1697333333333333,21,0.0,
2006-12-18 22:00:00,1.7388,22,0.0,
2006-12-18 23:00:00,1.5472666666666666,23,0.0,
2006-12-19 00:00:00,0.8371333333333334,0,1.0,
2006-12-19 01:00:00,0.3530333333333333,1,1.0,
2006-12-19 02:00:00,0.3272333333333333,2,1.0,
2006-12-19 03:00:00,0.3083,3,1.0,
2006-12-19 04:00:00,0.3278333333333333,4,1.0,
2006-12-19 05:00:00,0.3066666666666666,5,1.0,
2006-12-19 06:00:00,0.7963333333333333,6,1.0,
2006-12-19 07:00:00,1.7856333333333334,7,1.0,
2006-12-19 08:00:00,3.879033333333333,8,1.0,
2006-12-19 09:00:00,1.6177666666666668,9,1.0,
2006-12-19 10:00:00,0.4371333333333334,10,1.0,
2006-12-19 11:00:00,2.321633333333333,11,1.0,
2006-12-19 12:00:00,0.4306666666666666,12,1.0,
2006-12-19 13:00:00,0.3004666666666666,13,1.0,
2006-12-19 14:00:00,0.3021333333333333,14,1.0,
2006-12-19 15:00:00,0.4213666666666666,15,1.0,
2006-12-19 16:00:00,1.3721333333333334,16,1.0,
2006-12-19 17:00:00,2.1115,17,1.0,
2006-12-19 18:00:00,2.2047000000000003,18,1.0,
2006-12-19 19:00:00,1.8421,19,1.0,
2006-12-19 20:00:00,2.940533333333333,20,1.0,
2006-12-19 21:00:00,1.4428666666666667,21,1.0,
2006-12-19 22:00:00,0.7200000000000001,22,1.0,
2006-12-19 23:00:00,0.3837,23,1.0,
2006-12-20 00:00:00,0.4598333333333333,0,2.0,
2006-12-20 01:00:00,0.2586666666666666,1,2.0,
2006-12-20 02:00:00,0.7843666666666667,2,2.0,
2006-12-20 03:00:00,0.3100333333333333,3,2.0,
2006-12-20 04:00:00,0.289,4,2.0,
2006-12-20 05:00:00,0.2627,5,2.0,
2006-12-20 06:00:00,0.2835999999999999,6,2.0,
2006-12-20 07:00:00,1.5266333333333333,7,2.0,
2006-12-20 08:00:00,2.9176,8,2.0,
2006-12-20 09:00:00,1.3855333333333333,9,2.0,
2006-12-20 10:00:00,1.5103000000000002,10,2.0,
2006-12-20 11:00:00,2.8924000000000003,11,2.0,
2006-12-20 12:00:00,1.4210333333333334,12,2.0,
2006-12-20 13:00:00,1.4284,13,2.0,
2006-12-20 14:00:00,1.2949,14,2.0,
2006-12-20 15:00:00,0.2811333333333333,15,2.0,
2006-12-20 16:00:00,0.4684333333333333,16,2.0,
2006-12-20 17:00:00,0.5735,17,2.0,
2006-12-20 18:00:00,2.8368333333333333,18,2.0,
2006-12-20 19:00:00,3.2486333333333333,19,2.0,
2006-12-20 20:00:00,3.5754666666666663,20,2.0,
2006-12-20 21:00:00,3.646066666666667,21,2.0,
2006-12-20 22:00:00,3.058966666666667,22,2.0,
2006-12-20 23:00:00,2.3817666666666666,23,2.0,
2006-12-21 00:00:00,1.5358666666666667,0,3.0,
2006-12-21 01:00:00,1.3979666666666666,1,3.0,
2006-12-21 02:00:00,1.2749,2,3.0,
2006-12-21 03:00:00,0.3026,3,3.0,
2006-12-21 04:00:00,0.2467333333333333,4,3.0,
2006-12-21 05:00:00,0.2907,5,3.0,
2006-12-21 06:00:00,0.2956666666666666,6,3.0,
2006-12-21 07:00:00,1.2804666666666666,7,3.0,
2006-12-21 08:00:00,1.5630333333333333,8,3.0,
2006-12-21 09:00:00,2.5758,9,3.0,
2006-12-21 10:00:00,1.7677,10,3.0,
2006-12-21 11:00:00,0.5346551724137931,11,3.0,
2006-12-21 12:00:00,0.8191333333333333,12,3.0,
2006-12-21 13:00:00,1.6882333333333333,13,3.0,
2006-12-21 14:00:00,1.0239,14,3.0,
2006-12-21 15:00:00,0.3074,15,3.0,
2006-12-21 16:00:00,1.3600666666666668,16,3.0,
2006-12-21 17:00:00,1.7526333333333333,17,3.0,
2006-12-21 18:00:00,2.4433,18,3.0,
2006-12-21 19:00:00,2.1971333333333334,19,3.0,
2006-12-21 20:00:00,2.4373666666666667,20,3.0,
2006-12-21 21:00:00,0.9822666666666666,21,3.0,
2006-12-21 22:00:00,0.2802666666666666,22,3.0,
2006-12-21 23:00:00,0.2704333333333333,23,3.0,
2006-12-22 00:00:00,0.2669333333333333,0,4.0,
2006-12-22 01:00:00,0.272,1,4.0,
2006-12-22 02:00:00,0.2676333333333333,2,4.0,
2006-12-22 03:00:00,0.2738666666666666,3,4.0,
2006-12-22 04:00:00,0.2642666666666666,4,4.0,
2006-12-22 05:00:00,0.8068333333333334,5,4.0,
2006-12-22 06:00:00,0.4796333333333333,6,4.0,
2006-12-22 07:00:00,1.7231999999999998,7,4.0,
2006-12-22 08:00:00,2.7444,8,4.0,
2006-12-22 09:00:00,1.8963,9,4.0,
2006-12-22 10:00:00,1.3449666666666669,10,4.0,
2006-12-22 11:00:00,1.2525666666666666,11,4.0,
2006-12-22 12:00:00,1.2284666666666666,12,4.0,
2006-12-22 13:00:00,0.6719,13,4.0,
2006-12-22 14:00:00,0.8155666666666667,14,4.0,
2006-12-22 15:00:00,1.451633333333333,15,4.0,
2006-12-22 16:00:00,1.5712000000000002,16,4.0,
2006-12-22 17:00:00,1.4968,17,4.0,
2006-12-22 18:00:00,2.6869666666666663,18,4.0,
2006-12-22 19:00:00,3.9381666666666666,19,4.0,
2006-12-22 20:00:00,3.5360666666666662,20,4.0,
2006-12-22 21:00:00,4.548666666666667,21,4.0,
2006-12-22 22:00:00,3.0650666666666666,22,4.0,
2006-12-22 23:00:00,2.4192,23,4.0,
2006-12-23 00:00:00,1.6982333333333333,0,5.0,
2006-12-23 01:00:00,1.7228,1,5.0,
2006-12-23 02:00:00,1.7007666666666663,2,5.0,
2006-12-23 03:00:00,1.7715333333333334,3,5.0,
2006-12-23 04:00:00,1.8916,4,5.0,
2006-12-23 05:00:00,2.2291000000000003,5,5.0,
2006-12-23 06:00:00,1.6493666666666666,6,5.0,
2006-12-23 07:00:00,4.023366666666666,7,5.0,
2006-12-23 08:00:00,4.190833333333333,8,5.0,
2006-12-23 09:00:00,3.2464,9,5.0,
2006-12-23 10:00:00,2.972166666666667,10,5.0,
2006-12-23 11:00:00,3.159,11,5.0,
2006-12-23 12:00:00,2.9288000000000003,12,5.0,
2006-12-23 13:00:00,3.4063,13,5.0,
2006-12-23 14:00:00,3.757966666666667,14,5.0,
2006-12-23 15:00:00,4.0491,15,5.0,
2006-12-23 16:00:00,4.349100000000001,16,5.0,
2006-12-23 17:00:00,5.452533333333333,17,5.0,
2006-12-23 18:00:00,3.8794,18,5.0,
2006-12-23 19:00:00,4.1178333333333335,19,5.0,
2006-12-23 20:00:00,4.1814,20,5.0,
2006-12-23 21:00:00,3.2884333333333333,21,5.0,
2006-12-23 22:00:00,4.327933333333333,22,5.0,
2006-12-23 23:00:00,5.562466666666666,23,5.0,
2006-12-24 00:00:00,4.0280000000000005,0,6.0,
2006-12-24 01:00:00,3.2757,1,6.0,
2006-12-24 02:00:00,2.303033333333333,2,6.0,
2006-12-24 03:00:00,1.606766666666667,3,6.0,
2006-12-24 04:00:00,1.5761,4,6.0,
2006-12-24 05:00:00,1.6319,5,6.0,
2006-12-24 06:00:00,1.8952,6,6.0,
2006-12-24 07:00:00,1.4764000000000002,7,6.0,
2006-12-24 08:00:00,1.4277666666666666,8,6.0,
2006-12-24 09:00:00,2.7256666666666667,9,6.0,
2006-12-24 10:00:00,2.6753333333333336,10,6.0,
2006-12-24 11:00:00,2.0929333333333333,11,6.0,
2006-12-24 12:00:00,1.5,12,6.0,
2006-12-24 13:00:00,3.2399333333333336,13,6.0,
2006-12-24 14:00:00,1.3715333333333333,14,6.0,
2006-12-24 15:00:00,3.096833333333333,15,6.0,
2006-12-24 16:00:00,2.007133333333333,16,6.0,
2006-12-24 17:00:00,1.6865,17,6.0,
2006-12-24 18:00:00,0.5052,18,6.0,
2006-12-24 19:00:00,0.4540333333333333,19,6.0,
2006-12-24 20:00:00,0.4741,20,6.0,
2006-12-24 21:00:00,0.4840333333333333,21,6.0,
2006-12-24 22:00:00,0.4797666666666666,22,6.0,
2006-12-24 23:00:00,0.4863333333333333,23,6.0,
2006-12-25 00:00:00,0.9995666666666668,0,0.0,
2006-12-25 01:00:00,1.2067666666666663,1,0.0,
2006-12-25 02:00:00,0.438,2,0.0,
2006-12-25 03:00:00,0.5899666666666668,3,0.0,
2006-12-25 04:00:00,0.5786666666666667,4,0.0,
2006-12-25 05:00:00,0.6201000000000001,5,0.0,
2006-12-25 06:00:00,0.2640666666666666,6,0.0,
2006-12-25 07:00:00,0.6768,7,0.0,
2006-12-25 08:00:00,2.6111,8,0.0,
2006-12-25 09:00:00,1.4934666666666667,9,0.0,
2006-12-25 10:00:00,1.9156666666666664,10,0.0,
2006-12-25 11:00:00,3.0446,11,0.0,
2006-12-25 12:00:00,2.9126,12,0.0,
2006-12-25 13:00:00,2.224933333333333,13,0.0,
2006-12-25 14:00:00,1.7837333333333334,14,0.0,
2006-12-25 15:00:00,1.7403333333333333,15,0.0,
2006-12-25 16:00:00,3.872833333333333,16,0.0,
2006-12-25 17:00:00,2.0718,17,0.0,
2006-12-25 18:00:00,2.4230666666666663,18,0.0,
2006-12-25 19:00:00,1.6295,19,0.0,
2006-12-25 20:00:00,1.9771333333333327,20,0.0,
2006-12-25 21:00:00,3.8368666666666655,21,0.0,
2006-12-25 22:00:00,4.2148666666666665,22,0.0,
2006-12-25 23:00:00,2.592233333333333,23,0.0,
2006-12-26 00:00:00,2.4242666666666666,0,1.0,
2006-12-26 01:00:00,2.4026333333333336,1,1.0,
2006-12-26 02:00:00,2.4109333333333334,2,1.0,
2006-12-26 03:00:00,2.4490666666666665,3,1.0,
2006-12-26 04:00:00,2.9925,4,1.0,
2006-12-26 05:00:00,2.3877333333333337,5,1.0,
2006-12-26 06:00:00,2.3882,6,1.0,
2006-12-26 07:00:00,3.136066666666667,7,1.0,
2006-12-26 08:00:00,2.365933333333333,8,1.0,
2006-12-26 09:00:00,3.5450666666666666,9,1.0,
2006-12-26 10:00:00,4.0419,10,1.0,
2006-12-26 11:00:00,2.373533333333333,11,1.0,
2006-12-26 12:00:00,2.4647,12,1.0,
2006-12-26 13:00:00,2.8868,13,1.0,
2006-12-26 14:00:00,3.8266,14,1.0,
2006-12-26 15:00:00,2.6296000000000004,15,1.0,
2006-12-26 16:00:00,3.450733333333333,16,1.0,
2006-12-26 17:00:00,3.3423333333333334,17,1.0,
2006-12-26 18:00:00,3.2467,18,1.0,
2006-12-26 19:00:00,3.034,19,1.0,
2006-12-26 20:00:00,3.479,20,1.0,
2006-12-26 21:00:00,2.6584,21,1.0,
2006-12-26 22:00:00,0.8636,22,1.0,
2006-12-26 23:00:00,0.7682,23,1.0,
2006-12-27 00:00:00,0.4829666666666667,0,2.0,
2006-12-27 01:00:00,0.4934666666666666,1,2.0,
2006-12-27 02:00:00,0.4795,2,2.0,
2006-12-27 03:00:00,0.4441333333333333,3,2.0,
2006-12-27 04:00:00,0.4740333333333333,4,2.0,
2006-12-27 05:00:00,1.0365333333333333,5,2.0,
2006-12-27 06:00:00,0.4744,6,2.0,
2006-12-27 07:00:00,2.049866666666667,7,2.0,
2006-12-27 08:00:00,2.164733333333333,8,2.0,
2006-12-27 09:00:00,2.328966666666666,9,2.0,
2006-12-27 10:00:00,2.3169666666666666,10,2.0,
2006-12-27 11:00:00,1.3156,11,2.0,
2006-12-27 12:00:00,1.0784,12,2.0,
2006-12-27 13:00:00,0.2641666666666666,13,2.0,
2006-12-27 14:00:00,0.2638333333333333,14,2.0,
2006-12-27 15:00:00,0.3332,15,2.0,
2006-12-27 16:00:00,0.2968,16,2.0,
2006-12-27 17:00:00,0.5012666666666666,17,2.0,
2006-12-27 18:00:00,1.8244,18,2.0,
2006-12-27 19:00:00,1.7362666666666666,19,2.0,
2006-12-27 20:00:00,2.3531,20,2.0,
2006-12-27 21:00:00,1.3297333333333334,21,2.0,
2006-12-27 22:00:00,1.0835,22,2.0,
2006-12-27 23:00:00,0.3535,23,2.0,
2006-12-28 00:00:00,1.0185333333333333,0,3.0,
2006-12-28 01:00:00,0.2777333333333333,1,3.0,
2006-12-28 02:00:00,0.3161666666666666,2,3.0,
2006-12-28 03:00:00,0.2988,3,3.0,
2006-12-28 04:00:00,0.3101,4,3.0,
2006-12-28 05:00:00,0.2894,5,3.0,
2006-12-28 06:00:00,0.2925666666666666,6,3.0,
2006-12-28 07:00:00,1.0433333333333334,7,3.0,
2006-12-28 08:00:00,2.5357333333333334,8,3.0,
2006-12-28 09:00:00,1.3215333333333334,9,3.0,
2006-12-28 10:00:00,0.3260666666666666,10,3.0,
2006-12-28 11:00:00,0.2799333333333333,11,3.0,
2006-12-28 12:00:00,0.271,12,3.0,
2006-12-28 13:00:00,0.6986333333333333,13,3.0,
2006-12-28 14:00:00,1.8085666666666669,14,3.0,
2006-12-28 15:00:00,1.5743333333333334,15,3.0,
2006-12-28 16:00:00,1.5589666666666666,16,3.0,
2006-12-28 17:00:00,2.432533333333333,17,3.0,
2006-12-28 18:00:00,2.5439,18,3.0,
2006-12-28 19:00:00,2.8485,19,3.0,
2006-12-28 20:00:00,2.1167666666666665,20,3.0,
2006-12-28 21:00:00,5.035333333333333,21,3.0,
2006-12-28 22:00:00,3.2142,22,3.0,
2006-12-28 23:00:00,2.131333333333333,23,3.0,
2006-12-29 00:00:00,1.409333333333333,0,4.0,
2006-12-29 01:00:00,1.9941666666666669,1,4.0,
2006-12-29 02:00:00,2.1516333333333337,2,4.0,
2006-12-29 03:00:00,2.4526666666666666,3,4.0,
2006-12-29 04:00:00,2.471433333333333,4,4.0,
2006-12-29 05:00:00,2.3861,5,4.0,
2006-12-29 06:00:00,2.4389,6,4.0,
2006-12-29 07:00:00,3.8387666666666656,7,4.0,
2006-12-29 08:00:00,3.6947666666666654,8,4.0,
2006-12-29 09:00:00,3.4349,9,4.0,
2006-12-29 10:00:00,2.422533333333333,10,4.0,
2006-12-29 11:00:00,1.3891666666666669,11,4.0,
2006-12-29 12:00:00,1.5557333333333332,12,4.0,
2006-12-29 13:00:00,1.7093333333333334,13,4.0,
2006-12-29 14:00:00,1.4185,14,4.0,
2006-12-29 15:00:00,0.6281,15,4.0,
2006-12-29 16:00:00,0.3178666666666666,16,4.0,
2006-12-29 17:00:00,0.8924,17,4.0,
2006-12-29 18:00:00,1.8926333333333327,18,4.0,
2006-12-29 19:00:00,1.7913333333333334,19,4.0,
2006-12-29 20:00:00,3.471833333333333,20,4.0,
2006-12-29 21:00:00,4.313733333333333,21,4.0,
2006-12-29 22:00:00,3.666033333333333,22,4.0,
2006-12-29 23:00:00,1.1646666666666663,23,4.0,
2006-12-30 00:00:00,0.2946999999999999,0,5.0,
2006-12-30 01:00:00,0.3152999999999999,1,5.0,
2006-12-30 02:00:00,0.2794333333333333,2,5.0,
2006-12-30 03:00:00,0.3057666666666667,3,5.0,
2006-12-30 04:00:00,0.3009333333333333,4,5.0,
2006-12-30 05:00:00,0.2778333333333334,5,5.0,
2006-12-30 06:00:00,0.9067666666666666,6,5.0,
2006-12-30 07:00:00,0.2565666666666666,7,5.0,
2006-12-30 08:00:00,1.5167333333333337,8,5.0,
2006-12-30 09:00:00,3.2357666666666662,9,5.0,
2006-12-30 10:00:00,4.664793103448276,10,5.0,
2006-12-30 11:00:00,3.8858666666666655,11,5.0,
2006-12-30 12:00:00,3.1451,12,5.0,
2006-12-30 13:00:00,2.2929666666666666,13,5.0,
2006-12-30 14:00:00,1.7899333333333334,14,5.0,
2006-12-30 15:00:00,2.4495333333333336,15,5.0,
2006-12-30 16:00:00,3.955566666666667,16,5.0,
2006-12-30 17:00:00,2.581166666666667,17,5.0,
2006-12-30 18:00:00,3.8627,18,5.0,
2006-12-30 19:00:00,3.753033333333333,19,5.0,
2006-12-30 20:00:00,3.0760666666666667,20,5.0,
2006-12-30 21:00:00,2.038,21,5.0,
2006-12-30 22:00:00,0.7491333333333333,22,5.0,
2006-12-30 23:00:00,0.7102,23,5.0,
2006-12-31 00:00:00,0.6762333333333334,0,6.0,
2006-12-31 01:00:00,0.7161666666666666,1,6.0,
2006-12-31 02:00:00,0.7219333333333334,2,6.0,
2006-12-31 03:00:00,0.7785666666666666,3,6.0,
2006-12-31 04:00:00,1.2777666666666667,4,6.0,
2006-12-31 05:00:00,1.0507666666666666,5,6.0,
2006-12-31 06:00:00,2.5013666666666667,6,6.0,
2006-12-31 07:00:00,3.3645,7,6.0,
2006-12-31 08:00:00,4.0845666666666665,8,6.0,
2006-12-31 09:00:00,2.7232,9,6.0,
2006-12-31 10:00:00,2.914933333333333,10,6.0,
2006-12-31 11:00:00,3.3595,11,6.0,
2006-12-31 12:00:00,3.852966666666666,12,6.0,
2006-12-31 13:00:00,3.6025666666666667,13,6.0,
2006-12-31 14:00:00,3.0813,14,6.0,
2006-12-31 15:00:00,2.488266666666666,15,6.0,
2006-12-31 16:00:00,2.838,16,6.0,
2006-12-31 17:00:00,2.750266666666666,17,6.0,
2006-12-31 18:00:00,2.4104666666666663,18,6.0,
2006-12-31 19:00:00,2.434266666666667,19,6.0,
2006-12-31 20:00:00,2.4249333333333336,20,6.0,
2006-12-31 21:00:00,2.443633333333333,21,6.0,
2006-12-31 22:00:00,2.636,22,6.0,
2006-12-31 23:00:00,3.104433333333333,23,6.0,
2007-01-01 00:00:00,2.5506333333333333,0,0.0,
2007-01-01 01:00:00,2.5234,1,0.0,
2007-01-01 02:00:00,2.582333333333333,2,0.0,
2007-01-01 03:00:00,2.5416666666666665,3,0.0,
2007-01-01 04:00:00,2.4757333333333333,4,0.0,
2007-01-01 05:00:00,2.476233333333333,5,0.0,
2007-01-01 06:00:00,2.4558000000000004,6,0.0,
2007-01-01 07:00:00,2.4472,7,0.0,
2007-01-01 08:00:00,2.441733333333333,8,0.0,
2007-01-01 09:00:00,3.146133333333333,9,0.0,
2007-01-01 10:00:00,2.6617333333333333,10,0.0,
2007-01-01 11:00:00,2.576,11,0.0,
2007-01-01 12:00:00,2.615866666666667,12,0.0,
2007-01-01 13:00:00,2.1624,13,0.0,
2007-01-01 14:00:00,1.2944,14,0.0,
2007-01-01 15:00:00,1.909166666666667,15,0.0,
2007-01-01 16:00:00,1.3901,16,0.0,
2007-01-01 17:00:00,1.6320666666666668,17,0.0,
2007-01-01 18:00:00,1.4619,18,0.0,
2007-01-01 19:00:00,0.7323000000000001,19,0.0,
2007-01-01 20:00:00,0.4123,20,0.0,
2007-01-01 21:00:00,0.4339333333333333,21,0.0,
2007-01-01 22:00:00,0.4437333333333333,22,0.0,
2007-01-01 23:00:00,0.4499666666666667,23,0.0,
2007-01-02 00:00:00,0.4464333333333333,0,1.0,
2007-01-02 01:00:00,0.4367333333333333,1,1.0,
2007-01-02 02:00:00,0.4315666666666666,2,1.0,
2007-01-02 03:00:00,0.4641666666666666,3,1.0,
2007-01-02 04:00:00,1.0399666666666667,4,1.0,
2007-01-02 05:00:00,0.7106,5,1.0,
2007-01-02 06:00:00,0.4469666666666667,6,1.0,
2007-01-02 07:00:00,0.4125666666666667,7,1.0,
2007-01-02 08:00:00,0.4543999999999999,8,1.0,
2007-01-02 09:00:00,0.4176333333333333,9,1.0,
2007-01-02 10:00:00,0.4459,10,1.0,
2007-01-02 11:00:00,0.4327666666666667,11,1.0,
2007-01-02 12:00:00,0.4259666666666666,12,1.0,
2007-01-02 13:00:00,0.4589999999999999,13,1.0,
2007-01-02 14:00:00,0.4384333333333333,14,1.0,
2007-01-02 15:00:00,1.4381,15,1.0,
2007-01-02 16:00:00,1.4590666666666663,16,1.0,
2007-01-02 17:00:00,2.1362,17,1.0,
2007-01-02 18:00:00,1.9720666666666664,18,1.0,
2007-01-02 19:00:00,1.5183,19,1.0,
2007-01-02 20:00:00,2.573533333333333,20,1.0,
2007-01-02 21:00:00,1.3214333333333337,21,1.0,
2007-01-02 22:00:00,0.5282333333333333,22,1.0,
2007-01-02 23:00:00,0.7439,23,1.0,
2007-01-03 00:00:00,1.1254333333333333,0,2.0,
2007-01-03 01:00:00,0.9007000000000001,1,2.0,
2007-01-03 02:00:00,0.3048333333333333,2,2.0,
2007-01-03 03:00:00,0.3333,3,2.0,
2007-01-03 04:00:00,0.2988333333333333,4,2.0,
2007-01-03 05:00:00,0.9516333333333332,5,2.0,
2007-01-03 06:00:00,0.3343333333333333,6,2.0,
2007-01-03 07:00:00,0.3017,7,2.0,
2007-01-03 08:00:00,0.3196,8,2.0,
2007-01-03 09:00:00,0.6024999999999999,9,2.0,
2007-01-03 10:00:00,0.8742333333333333,10,2.0,
2007-01-03 11:00:00,0.9764,11,2.0,
2007-01-03 12:00:00,1.3977666666666666,12,2.0,
2007-01-03 13:00:00,1.4199333333333333,13,2.0,
2007-01-03 14:00:00,1.0903666666666667,14,2.0,
2007-01-03 15:00:00,0.302,15,2.0,
2007-01-03 16:00:00,0.3676666666666666,16,2.0,
2007-01-03 17:00:00,0.2851333333333333,17,2.0,
2007-01-03 18:00:00,0.3612,18,2.0,
2007-01-03 19:00:00,0.289,19,2.0,
2007-01-03 20:00:00,0.3262666666666666,20,2.0,
2007-01-03 21:00:00,1.1154333333333333,21,2.0,
2007-01-03 22:00:00,0.9540333333333332,22,2.0,
2007-01-03 23:00:00,1.6686,23,2.0,
2007-01-04 00:00:00,3.3750666666666667,0,3.0,
2007-01-04 01:00:00,2.896733333333333,1,3.0,
2007-01-04 02:00:00,2.3873333333333333,2,3.0,
2007-01-04 03:00:00,2.3620333333333337,3,3.0,
2007-01-04 04:00:00,2.370033333333333,4,3.0,
2007-01-04 05:00:00,2.3452,5,3.0,
2007-01-04 06:00:00,2.3587333333333333,6,3.0,
2007-01-04 07:00:00,2.3262333333333336,7,3.0,
2007-01-04 08:00:00,2.4038,8,3.0,
2007-01-04 09:00:00,2.6670666666666665,9,3.0,
2007-01-04 10:00:00,1.8980333333333328,10,3.0,
2007-01-04 11:00:00,2.006333333333333,11,3.0,
2007-01-04 12:00:00,4.066566666666667,12,3.0,
2007-01-04 13:00:00,3.5450666666666666,13,3.0,
2007-01-04 14:00:00,2.0132,14,3.0,
2007-01-04 15:00:00,0.8793000000000001,15,3.0,
2007-01-04 16:00:00,3.2898,16,3.0,
2007-01-04 17:00:00,2.7413000000000003,17,3.0,
2007-01-04 18:00:00,2.6055,18,3.0,
2007-01-04 19:00:00,2.8540666666666668,19,3.0,
2007-01-04 20:00:00,1.4985333333333335,20,3.0,
2007-01-04 21:00:00,0.4788,21,3.0,
2007-01-04 22:00:00,0.4196666666666667,22,3.0,
2007-01-04 23:00:00,0.5351333333333332,23,3.0,
2007-01-05 00:00:00,1.9680333333333333,0,4.0,
2007-01-05 01:00:00,2.3868333333333336,1,4.0,
2007-01-05 02:00:00,2.3947333333333334,2,4.0,
2007-01-05 03:00:00,2.4157,3,4.0,
2007-01-05 04:00:00,2.3970333333333333,4,4.0,
2007-01-05 05:00:00,2.407366666666667,5,4.0,
2007-01-05 06:00:00,2.3678000000000003,6,4.0,
2007-01-05 07:00:00,2.3515333333333337,7,4.0,
2007-01-05 08:00:00,2.316933333333333,8,4.0,
2007-01-05 09:00:00,2.3642,9,4.0,
2007-01-05 10:00:00,2.656033333333333,10,4.0,
2007-01-05 11:00:00,0.3558333333333333,11,4.0,
2007-01-05 12:00:00,0.3544,12,4.0,
2007-01-05 13:00:00,0.3417666666666666,13,4.0,
2007-01-05 14:00:00,0.3773333333333333,14,4.0,
2007-01-05 15:00:00,0.4778333333333334,15,4.0,
2007-01-05 16:00:00,0.8364999999999999,16,4.0,
2007-01-05 17:00:00,2.240733333333333,17,4.0,
2007-01-05 18:00:00,2.3996,18,4.0,
2007-01-05 19:00:00,2.0389,19,4.0,
2007-01-05 20:00:00,2.9757,20,4.0,
2007-01-05 21:00:00,2.6744,21,4.0,
2007-01-05 22:00:00,2.3847,22,4.0,
2007-01-05 23:00:00,1.7388333333333332,23,4.0,
2007-01-06 00:00:00,1.4930666666666668,0,5.0,
2007-01-06 01:00:00,0.4334666666666666,1,5.0,
2007-01-06 02:00:00,0.3333333333333333,2,5.0,
2007-01-06 03:00:00,0.3128666666666666,3,5.0,
2007-01-06 04:00:00,0.3035666666666666,4,5.0,
2007-01-06 05:00:00,0.3352666666666666,5,5.0,
2007-01-06 06:00:00,0.2987333333333333,6,5.0,
2007-01-06 07:00:00,0.3369999999999999,7,5.0,
2007-01-06 08:00:00,0.2954,8,5.0,
2007-01-06 09:00:00,0.6231333333333333,9,5.0,
2007-01-06 10:00:00,1.5255666666666667,10,5.0,
2007-01-06 11:00:00,2.5922,11,5.0,
2007-01-06 12:00:00,4.002933333333333,12,5.0,
2007-01-06 13:00:00,1.8904333333333327,13,5.0,
2007-01-06 14:00:00,1.699566666666667,14,5.0,
2007-01-06 15:00:00,1.1487,15,5.0,
2007-01-06 16:00:00,0.8812666666666666,16,5.0,
2007-01-06 17:00:00,0.8989666666666667,17,5.0,
2007-01-06 18:00:00,0.8555333333333334,18,5.0,
2007-01-06 19:00:00,1.8340333333333327,19,5.0,
2007-01-06 20:00:00,1.0151333333333334,20,5.0,
2007-01-06 21:00:00,1.0125333333333333,21,5.0,
2007-01-06 22:00:00,0.5116666666666666,22,5.0,
2007-01-06 23:00:00,0.5052666666666666,23,5.0,
2007-01-07 00:00:00,0.9032,0,6.0,
2007-01-07 01:00:00,0.2964333333333332,1,6.0,
2007-01-07 02:00:00,0.3524,2,6.0,
2007-01-07 03:00:00,0.2986666666666667,3,6.0,
2007-01-07 04:00:00,0.3558666666666666,4,6.0,
2007-01-07 05:00:00,0.2853666666666666,5,6.0,
2007-01-07 06:00:00,0.3383,6,6.0,
2007-01-07 07:00:00,0.3127333333333333,7,6.0,
2007-01-07 08:00:00,0.3100333333333333,8,6.0,
2007-01-07 09:00:00,0.3756,9,6.0,
2007-01-07 10:00:00,1.0414333333333332,10,6.0,
2007-01-07 11:00:00,1.0684333333333331,11,6.0,
2007-01-07 12:00:00,0.5515666666666666,12,6.0,
2007-01-07 13:00:00,3.331933333333333,13,6.0,
2007-01-07 14:00:00,2.5331,14,6.0,
2007-01-07 15:00:00,3.770766666666667,15,6.0,
2007-01-07 16:00:00,2.2807666666666666,16,6.0,
2007-01-07 17:00:00,2.404733333333333,17,6.0,
2007-01-07 18:00:00,5.211533333333334,18,6.0,
2007-01-07 19:00:00,2.9164666666666665,19,6.0,
2007-01-07 20:00:00,3.5232,20,6.0,
2007-01-07 21:00:00,4.738366666666667,21,6.0,
2007-01-07 22:00:00,2.1289,22,6.0,
2007-01-07 23:00:00,1.4638666666666666,23,6.0,
2007-01-08 00:00:00,1.3604666666666667,0,0.0,
2007-01-08 01:00:00,1.350666666666667,1,0.0,
2007-01-08 02:00:00,1.3848333333333334,2,0.0,
2007-01-08 03:00:00,1.3569,3,0.0,
2007-01-08 04:00:00,1.3759,4,0.0,
2007-01-08 05:00:00,1.1045333333333334,5,0.0,
2007-01-08 06:00:00,0.4681333333333333,6,0.0,
2007-01-08 07:00:00,1.0126333333333333,7,0.0,
2007-01-08 08:00:00,2.1395,8,0.0,
2007-01-08 09:00:00,1.6646333333333334,9,0.0,
2007-01-08 10:00:00,1.2966333333333333,10,0.0,
2007-01-08 11:00:00,1.1751,11,0.0,
2007-01-08 12:00:00,0.3289333333333333,12,0.0,
2007-01-08 13:00:00,0.6432,13,0.0,
2007-01-08 14:00:00,1.8509,14,0.0,
2007-01-08 15:00:00,1.8851,15,0.0,
2007-01-08 16:00:00,2.1224333333333334,16,0.0,
2007-01-08 17:00:00,1.8981,17,0.0,
2007-01-08 18:00:00,2.907966666666667,18,0.0,
2007-01-08 19:00:00,2.7940666666666667,19,0.0,
2007-01-08 20:00:00,3.4250333333333334,20,0.0,
2007-01-08 21:00:00,2.507633333333333,21,0.0,
2007-01-08 22:00:00,0.9699666666666666,22,0.0,
2007-01-08 23:00:00,0.3327333333333333,23,0.0,
2007-01-09 00:00:00,0.2698333333333333,0,1.0,
2007-01-09 01:00:00,0.3118333333333333,1,1.0,
2007-01-09 02:00:00,0.2874,2,1.0,
2007-01-09 03:00:00,0.4696666666666667,3,1.0,
2007-01-09 04:00:00,0.6611999999999999,4,1.0,
2007-01-09 05:00:00,0.2744999999999999,5,1.0,
2007-01-09 06:00:00,1.1234666666666666,6,1.0,
2007-01-09 07:00:00,2.3869666666666665,7,1.0,
2007-01-09 08:00:00,2.1356,8,1.0,
2007-01-09 09:00:00,1.8683666666666667,9,1.0,
2007-01-09 10:00:00,1.3492333333333335,10,1.0,
2007-01-09 11:00:00,0.9347333333333334,11,1.0,
2007-01-09 12:00:00,0.2769333333333333,12,1.0,
2007-01-09 13:00:00,0.3015666666666667,13,1.0,
2007-01-09 14:00:00,0.2666666666666666,14,1.0,
2007-01-09 15:00:00,0.5648333333333333,15,1.0,
2007-01-09 16:00:00,1.4713333333333334,16,1.0,
2007-01-09 17:00:00,2.106266666666667,17,1.0,
2007-01-09 18:00:00,2.3730666666666664,18,1.0,
2007-01-09 19:00:00,2.2874666666666665,19,1.0,
2007-01-09 20:00:00,3.2106,20,1.0,
2007-01-09 21:00:00,3.292466666666667,21,1.0,
2007-01-09 22:00:00,1.2912666666666666,22,1.0,
2007-01-09 23:00:00,1.6356333333333335,23,1.0,
2007-01-10 00:00:00,0.5179,0,2.0,
2007-01-10 01:00:00,0.6539,1,2.0,
2007-01-10 02:00:00,0.3403666666666666,2,2.0,
2007-01-10 03:00:00,0.2693666666666666,3,2.0,
2007-01-10 04:00:00,0.3469,4,2.0,
2007-01-10 05:00:00,0.2679666666666666,5,2.0,
2007-01-10 06:00:00,0.8976,6,2.0,
2007-01-10 07:00:00,2.3629,7,2.0,
2007-01-10 08:00:00,2.972933333333333,8,2.0,
2007-01-10 09:00:00,1.9952333333333327,9,2.0,
2007-01-10 10:00:00,1.4271,10,2.0,
2007-01-10 11:00:00,3.970766666666667,11,2.0,
2007-01-10 12:00:00,1.4307666666666667,12,2.0,
2007-01-10 13:00:00,0.5537666666666666,13,2.0,
2007-01-10 14:00:00,1.6954,14,2.0,
2007-01-10 15:00:00,1.2912333333333337,15,2.0,
2007-01-10 16:00:00,0.6835333333333333,16,2.0,
2007-01-10 17:00:00,1.8244,17,2.0,
2007-01-10 18:00:00,3.3644000000000003,18,2.0,
2007-01-10 19:00:00,3.190233333333333,19,2.0,
2007-01-10 20:00:00,2.933933333333333,20,2.0,
2007-01-10 21:00:00,1.6947,21,2.0,
2007-01-10 22:00:00,0.8519000000000001,22,2.0,
2007-01-10 23:00:00,0.3761333333333334,23,2.0,
2007-01-11 00:00:00,0.3365,0,3.0,
2007-01-11 01:00:00,0.2546,1,3.0,
2007-01-11 02:00:00,0.3086666666666666,2,3.0,
2007-01-11 03:00:00,0.8921666666666667,3,3.0,
2007-01-11 04:00:00,0.2705,4,3.0,
2007-01-11 05:00:00,0.2976,5,3.0,
2007-01-11 06:00:00,0.7363666666666667,6,3.0,
2007-01-11 07:00:00,2.7021666666666664,7,3.0,
2007-01-11 08:00:00,2.5052666666666665,8,3.0,
2007-01-11 09:00:00,1.3702,9,3.0,
2007-01-11 10:00:00,1.3697333333333332,10,3.0,
2007-01-11 11:00:00,1.1518333333333333,11,3.0,
2007-01-11 12:00:00,0.3003333333333333,12,3.0,
2007-01-11 13:00:00,0.3952,13,3.0,
2007-01-11 14:00:00,0.3272,14,3.0,
2007-01-11 15:00:00,0.5416333333333333,15,3.0,
2007-01-11 16:00:00,2.6132,16,3.0,
2007-01-11 17:00:00,3.238233333333333,17,3.0,
2007-01-11 18:00:00,3.869133333333333,18,3.0,
2007-01-11 19:00:00,4.7842,19,3.0,
2007-01-11 20:00:00,3.7062666666666666,20,3.0,
2007-01-11 21:00:00,2.8803666666666667,21,3.0,
2007-01-11 22:00:00,1.4481,22,3.0,
2007-01-11 23:00:00,1.2871,23,3.0,
2007-01-12 00:00:00,0.5854333333333333,0,4.0,
2007-01-12 01:00:00,0.3122333333333333,1,4.0,
2007-01-12 02:00:00,0.3023999999999999,2,4.0,
2007-01-12 03:00:00,0.3215666666666666,3,4.0,
2007-01-12 04:00:00,0.2930333333333333,4,4.0,
2007-01-12 05:00:00,0.8123333333333334,5,4.0,
2007-01-12 06:00:00,1.4514333333333334,6,4.0,
2007-01-12 07:00:00,2.8325,7,4.0,
2007-01-12 08:00:00,1.993933333333333,8,4.0,
2007-01-12 09:00:00,1.3481999999999998,9,4.0,
2007-01-12 10:00:00,0.9068333333333332,10,4.0,
2007-01-12 11:00:00,0.2818333333333333,11,4.0,
2007-01-12 12:00:00,0.2946,12,4.0,
2007-01-12 13:00:00,0.2538666666666666,13,4.0,
2007-01-12 14:00:00,0.3349,14,4.0,
2007-01-12 15:00:00,0.2617333333333333,15,4.0,
2007-01-12 16:00:00,0.3206666666666666,16,4.0,
2007-01-12 17:00:00,0.5727,17,4.0,
2007-01-12 18:00:00,2.549,18,4.0,
2007-01-12 19:00:00,2.2349,19,4.0,
2007-01-12 20:00:00,2.2950666666666666,20,4.0,
2007-01-12 21:00:00,1.5127333333333333,21,4.0,
2007-01-12 22:00:00,1.483766666666667,22,4.0,
2007-01-12 23:00:00,0.7992666666666667,23,4.0,
2007-01-13 00:00:00,0.8884000000000001,0,5.0,
2007-01-13 01:00:00,0.3167333333333333,1,5.0,
2007-01-13 02:00:00,0.2564333333333333,2,5.0,
2007-01-13 03:00:00,0.2978666666666666,3,5.0,
2007-01-13 04:00:00,0.289,4,5.0,
2007-01-13 05:00:00,0.2646,5,5.0,
2007-01-13 06:00:00,0.3151666666666666,6,5.0,
2007-01-13 07:00:00,1.7926333333333335,7,5.0,
2007-01-13 08:00:00,2.655533333333333,8,5.0,
2007-01-13 09:00:00,1.7159000000000002,9,5.0,
2007-01-13 10:00:00,3.170033333333333,10,5.0,
2007-01-13 11:00:00,3.5630666666666664,11,5.0,
2007-01-13 12:00:00,1.9701666666666664,12,5.0,
2007-01-13 13:00:00,1.6392,13,5.0,
2007-01-13 14:00:00,1.6297,14,5.0,
2007-01-13 15:00:00,2.0716666666666668,15,5.0,
2007-01-13 16:00:00,2.057633333333333,16,5.0,
2007-01-13 17:00:00,2.7980666666666667,17,5.0,
2007-01-13 18:00:00,1.8881,18,5.0,
2007-01-13 19:00:00,3.1545,19,5.0,
2007-01-13 20:00:00,4.5121,20,5.0,
2007-01-13 21:00:00,4.981466666666666,21,5.0,
2007-01-13 22:00:00,5.814266666666667,22,5.0,
2007-01-13 23:00:00,5.071333333333333,23,5.0,
2007-01-14 00:00:00,3.3405666666666667,0,6.0,
2007-01-14 01:00:00,2.916,1,6.0,
2007-01-14 02:00:00,2.879433333333333,2,6.0,
2007-01-14 03:00:00,1.1217333333333337,3,6.0,
2007-01-14 04:00:00,1.1342333333333334,4,6.0,
2007-01-14 05:00:00,1.1941,5,6.0,
2007-01-14 06:00:00,1.5761,6,6.0,
2007-01-14 07:00:00,1.141066666666667,7,6.0,
2007-01-14 08:00:00,1.3151666666666666,8,6.0,
2007-01-14 09:00:00,2.226033333333333,9,6.0,
2007-01-14 10:00:00,1.7363666666666666,10,6.0,
2007-01-14 11:00:00,1.0085666666666666,11,6.0,
2007-01-14 12:00:00,0.7125,12,6.0,
2007-01-14 13:00:00,1.2987,13,6.0,
2007-01-14 14:00:00,1.8274666666666664,14,6.0,
2007-01-14 15:00:00,2.097066666666666,15,6.0,
2007-01-14 16:00:00,3.4258,16,6.0,
2007-01-14 17:00:00,4.211133333333334,17,6.0,
2007-01-14 18:00:00,3.5989152542372884,18,6.0,
2007-01-14 19:00:00,3.2915,19,6.0,
2007-01-14 20:00:00,3.1929000000000003,20,6.0,
2007-01-14 21:00:00,2.107633333333333,21,6.0,
2007-01-14 22:00:00,1.4627333333333332,22,6.0,
2007-01-14 23:00:00,1.3745333333333332,23,6.0,
2007-01-15 00:00:00,1.3573,0,0.0,
2007-01-15 01:00:00,1.3417333333333334,1,0.0,
2007-01-15 02:00:00,0.4619999999999999,2,0.0,
2007-01-15 03:00:00,0.2898666666666666,3,0.0,
2007-01-15 04:00:00,0.2915999999999999,4,0.0,
2007-01-15 05:00:00,0.244,5,0.0,
2007-01-15 06:00:00,0.3083333333333333,6,0.0,
2007-01-15 07:00:00,1.9449,7,0.0,
2007-01-15 08:00:00,2.595733333333333,8,0.0,
2007-01-15 09:00:00,1.595,9,0.0,
2007-01-15 10:00:00,1.8552666666666664,10,0.0,
2007-01-15 11:00:00,1.3714333333333333,11,0.0,
2007-01-15 12:00:00,1.1310333333333331,12,0.0,
2007-01-15 13:00:00,0.6521,13,0.0,
2007-01-15 14:00:00,1.4841333333333333,14,0.0,
2007-01-15 15:00:00,1.6232333333333335,15,0.0,
2007-01-15 16:00:00,1.5423333333333331,16,0.0,
2007-01-15 17:00:00,1.7919666666666667,17,0.0,
2007-01-15 18:00:00,2.2478333333333333,18,0.0,
2007-01-15 19:00:00,2.9717333333333333,19,0.0,
2007-01-15 20:00:00,2.742566666666667,20,0.0,
2007-01-15 21:00:00,1.6235,21,0.0,
2007-01-15 22:00:00,1.8572333333333333,22,0.0,
2007-01-15 23:00:00,2.4864666666666664,23,0.0,
2007-01-16 00:00:00,0.3873666666666667,0,1.0,
2007-01-16 01:00:00,0.2992666666666667,1,1.0,
2007-01-16 02:00:00,0.3085,2,1.0,
2007-01-16 03:00:00,0.2936666666666667,3,1.0,
2007-01-16 04:00:00,0.7837666666666666,4,1.0,
2007-01-16 05:00:00,0.4086333333333333,5,1.0,
2007-01-16 06:00:00,0.7007666666666666,6,1.0,
2007-01-16 07:00:00,2.484233333333333,7,1.0,
2007-01-16 08:00:00,1.0849,8,1.0,
2007-01-16 09:00:00,0.8876000000000001,9,1.0,
2007-01-16 10:00:00,0.4004666666666666,10,1.0,
2007-01-16 11:00:00,0.6403666666666666,11,1.0,
2007-01-16 12:00:00,1.9346666666666663,12,1.0,
2007-01-16 13:00:00,0.9449666666666666,13,1.0,
2007-01-16 14:00:00,1.9168666666666667,14,1.0,
2007-01-16 15:00:00,0.8901333333333333,15,1.0,
2007-01-16 16:00:00,1.6489666666666667,16,1.0,
2007-01-16 17:00:00,2.8615,17,1.0,
2007-01-16 18:00:00,3.1261666666666668,18,1.0,
2007-01-16 19:00:00,1.9595,19,1.0,
2007-01-16 20:00:00,1.3968333333333334,20,1.0,
2007-01-16 21:00:00,1.4027666666666667,21,1.0,
2007-01-16 22:00:00,0.9547666666666668,22,1.0,
2007-01-16 23:00:00,0.3900666666666667,23,1.0,
2007-01-17 00:00:00,0.2993333333333333,0,2.0,
2007-01-17 01:00:00,0.2464666666666666,1,2.0,
2007-01-17 02:00:00,0.8600666666666666,2,2.0,
2007-01-17 03:00:00,0.2673,3,2.0,
2007-01-17 04:00:00,0.2866999999999999,4,2.0,
2007-01-17 05:00:00,0.2635,5,2.0,
2007-01-17 06:00:00,0.8767999999999999,6,2.0,
2007-01-17 07:00:00,2.2358,7,2.0,
2007-01-17 08:00:00,3.119933333333333,8,2.0,
2007-01-17 09:00:00,3.2271333333333336,9,2.0,
2007-01-17 10:00:00,4.085766666666666,10,2.0,
2007-01-17 11:00:00,2.4456,11,2.0,
2007-01-17 12:00:00,1.7472,12,2.0,
2007-01-17 13:00:00,1.4257,13,2.0,
2007-01-17 14:00:00,1.5296999999999998,14,2.0,
2007-01-17 15:00:00,3.871966666666667,15,2.0,
2007-01-17 16:00:00,1.8885,16,2.0,
2007-01-17 17:00:00,3.066866666666667,17,2.0,
2007-01-17 18:00:00,1.6687,18,2.0,
2007-01-17 19:00:00,2.606533333333333,19,2.0,
2007-01-17 20:00:00,3.220833333333333,20,2.0,
2007-01-17 21:00:00,3.5447333333333333,21,2.0,
2007-01-17 22:00:00,2.720666666666667,22,2.0,
2007-01-17 23:00:00,1.9556666666666669,23,2.0,
2007-01-18 00:00:00,1.4016666666666666,0,3.0,
2007-01-18 01:00:00,1.1285666666666667,1,3.0,
2007-01-18 02:00:00,0.2991333333333333,2,3.0,
2007-01-18 03:00:00,0.2853666666666666,3,3.0,
2007-01-18 04:00:00,0.2859333333333333,4,3.0,
2007-01-18 05:00:00,0.2725666666666667,5,3.0,
2007-01-18 06:00:00,0.7473333333333334,6,3.0,
2007-01-18 07:00:00,2.621733333333333,7,3.0,
2007-01-18 08:00:00,1.6582666666666666,8,3.0,
2007-01-18 09:00:00,1.326566666666667,9,3.0,
2007-01-18 10:00:00,0.8661333333333334,10,3.0,
2007-01-18 11:00:00,0.2796333333333333,11,3.0,
2007-01-18 12:00:00,0.3050333333333333,12,3.0,
2007-01-18 13:00:00,0.5061,13,3.0,
2007-01-18 14:00:00,0.3720333333333333,14,3.0,
2007-01-18 15:00:00,0.6128333333333332,15,3.0,
2007-01-18 16:00:00,1.6330666666666669,16,3.0,
2007-01-18 17:00:00,2.1533333333333333,17,3.0,
2007-01-18 18:00:00,3.133466666666666,18,3.0,
2007-01-18 19:00:00,2.793,19,3.0,
2007-01-18 20:00:00,2.968533333333333,20,3.0,
2007-01-18 21:00:00,2.7788,21,3.0,
2007-01-18 22:00:00,1.4036333333333333,22,3.0,
2007-01-18 23:00:00,0.5249666666666667,23,3.0,
2007-01-19 00:00:00,0.3053666666666667,0,4.0,
2007-01-19 01:00:00,0.3163333333333333,1,4.0,
2007-01-19 02:00:00,0.3047666666666667,2,4.0,
2007-01-19 03:00:00,0.3085666666666666,3,4.0,
2007-01-19 04:00:00,0.3172666666666667,4,4.0,
2007-01-19 05:00:00,0.3004333333333333,5,4.0,
2007-01-19 06:00:00,0.8006666666666666,6,4.0,
2007-01-19 07:00:00,2.8391,7,4.0,
2007-01-19 08:00:00,2.1277666666666666,8,4.0,
2007-01-19 09:00:00,1.8329666666666664,9,4.0,
2007-01-19 10:00:00,1.1446333333333334,10,4.0,
2007-01-19 11:00:00,0.2579,11,4.0,
2007-01-19 12:00:00,0.3025,12,4.0,
2007-01-19 13:00:00,0.3826,13,4.0,
2007-01-19 14:00:00,0.4230333333333333,14,4.0,
2007-01-19 15:00:00,0.3586666666666666,15,4.0,
2007-01-19 16:00:00,1.032166666666667,16,4.0,
2007-01-19 17:00:00,1.3404666666666667,17,4.0,
2007-01-19 18:00:00,0.7348666666666667,18,4.0,
2007-01-19 19:00:00,0.9607666666666668,19,4.0,
2007-01-19 20:00:00,1.5455666666666663,20,4.0,
2007-01-19 21:00:00,2.422633333333333,21,4.0,
2007-01-19 22:00:00,2.4906333333333333,22,4.0,
2007-01-19 23:00:00,1.8243333333333327,23,4.0,
2007-01-20 00:00:00,1.7318,0,5.0,
2007-01-20 01:00:00,1.1492666666666669,1,5.0,
2007-01-20 02:00:00,1.0384,2,5.0,
2007-01-20 03:00:00,1.1203333333333334,3,5.0,
2007-01-20 04:00:00,1.0231666666666668,4,5.0,
2007-01-20 05:00:00,1.051,5,5.0,
2007-01-20 06:00:00,1.107033333333333,6,5.0,
2007-01-20 07:00:00,2.1135333333333333,7,5.0,
2007-01-20 08:00:00,2.035133333333333,8,5.0,
2007-01-20 09:00:00,2.0485333333333333,9,5.0,
2007-01-20 10:00:00,2.279733333333333,10,5.0,
2007-01-20 11:00:00,2.0756,11,5.0,
2007-01-20 12:00:00,1.8431333333333333,12,5.0,
2007-01-20 13:00:00,4.251033333333334,13,5.0,
2007-01-20 14:00:00,2.6337,14,5.0,
2007-01-20 15:00:00,1.9713666666666667,15,5.0,
2007-01-20 16:00:00,1.9525333333333328,16,5.0,
2007-01-20 17:00:00,2.7952,17,5.0,
2007-01-20 18:00:00,4.312366666666667,18,5.0,
2007-01-20 19:00:00,5.3430333333333335,19,5.0,
2007-01-20 20:00:00,3.712933333333333,20,5.0,
2007-01-20 21:00:00,2.425733333333333,21,5.0,
2007-01-20 22:00:00,1.0950333333333333,22,5.0,
2007-01-20 23:00:00,1.1192666666666669,23,5.0,
2007-01-21 00:00:00,1.3722333333333334,0,6.0,
2007-01-21 01:00:00,1.5,1,6.0,
2007-01-21 02:00:00,1.5674666666666668,2,6.0,
2007-01-21 03:00:00,1.1985,3,6.0,
2007-01-21 04:00:00,1.1744333333333332,4,6.0,
2007-01-21 05:00:00,1.2062333333333333,5,6.0,
2007-01-21 06:00:00,1.7787666666666666,6,6.0,
2007-01-21 07:00:00,1.0879333333333332,7,6.0,
2007-01-21 08:00:00,1.929266666666667,8,6.0,
2007-01-21 09:00:00,1.925,9,6.0,
2007-01-21 10:00:00,2.1305666666666667,10,6.0,
2007-01-21 11:00:00,2.860066666666667,11,6.0,
2007-01-21 12:00:00,2.6967,12,6.0,
2007-01-21 13:00:00,2.7639,13,6.0,
2007-01-21 14:00:00,1.9257333333333333,14,6.0,
2007-01-21 15:00:00,1.7514666666666665,15,6.0,
2007-01-21 16:00:00,1.2283333333333333,16,6.0,
2007-01-21 17:00:00,2.8507,17,6.0,
2007-01-21 18:00:00,3.648933333333333,18,6.0,
2007-01-21 19:00:00,5.330433333333334,19,6.0,
2007-01-21 20:00:00,6.076566666666666,20,6.0,
2007-01-21 21:00:00,5.9107666666666665,21,6.0,
2007-01-21 22:00:00,2.327733333333333,22,6.0,
2007-01-21 23:00:00,0.5459666666666667,23,6.0,
2007-01-22 00:00:00,0.3160333333333333,0,0.0,
2007-01-22 01:00:00,0.2615666666666666,1,0.0,
2007-01-22 02:00:00,0.3049333333333333,2,0.0,
2007-01-22 03:00:00,0.2603,3,0.0,
2007-01-22 04:00:00,0.3038,4,0.0,
2007-01-22 05:00:00,0.2666,5,0.0,
2007-01-22 06:00:00,0.9936666666666666,6,0.0,
2007-01-22 07:00:00,1.8646,7,0.0,
2007-01-22 08:00:00,3.0862666666666665,8,0.0,
2007-01-22 09:00:00,2.4221,9,0.0,
2007-01-22 10:00:00,1.8949666666666665,10,0.0,
2007-01-22 11:00:00,1.3413666666666666,11,0.0,
2007-01-22 12:00:00,1.3538,12,0.0,
2007-01-22 13:00:00,1.0975,13,0.0,
2007-01-22 14:00:00,1.4378,14,0.0,
2007-01-22 15:00:00,1.4210666666666667,15,0.0,
2007-01-22 16:00:00,1.1902333333333333,16,0.0,
2007-01-22 17:00:00,1.1473000000000002,17,0.0,
2007-01-22 18:00:00,1.3634,18,0.0,
2007-01-22 19:00:00,3.699233333333333,19,0.0,
2007-01-22 20:00:00,4.455733333333333,20,0.0,
2007-01-22 21:00:00,2.5735666666666663,21,0.0,
2007-01-22 22:00:00,1.6554666666666666,22,0.0,
2007-01-22 23:00:00,1.6302666666666668,23,0.0,
2007-01-23 00:00:00,2.041,0,1.0,
2007-01-23 01:00:00,0.5386666666666666,1,1.0,
2007-01-23 02:00:00,0.4723333333333333,2,1.0,
2007-01-23 03:00:00,0.4703666666666667,3,1.0,
2007-01-23 04:00:00,0.4650333333333333,4,1.0,
2007-01-23 05:00:00,0.4664333333333333,5,1.0,
2007-01-23 06:00:00,0.4546333333333333,6,1.0,
2007-01-23 07:00:00,2.2251333333333334,7,1.0,
2007-01-23 08:00:00,1.6628333333333332,8,1.0,
2007-01-23 09:00:00,1.4198333333333333,9,1.0,
2007-01-23 10:00:00,0.2587,10,1.0,
2007-01-23 11:00:00,0.2997333333333333,11,1.0,
2007-01-23 12:00:00,0.2683333333333333,12,1.0,
2007-01-23 13:00:00,0.2888,13,1.0,
2007-01-23 14:00:00,0.2702,14,1.0,
2007-01-23 15:00:00,0.2893666666666666,15,1.0,
2007-01-23 16:00:00,0.3399,16,1.0,
2007-01-23 17:00:00,2.004966666666667,17,1.0,
2007-01-23 18:00:00,2.388033333333333,18,1.0,
2007-01-23 19:00:00,3.6409666666666665,19,1.0,
2007-01-23 20:00:00,3.578933333333333,20,1.0,
2007-01-23 21:00:00,2.9194666666666667,21,1.0,
2007-01-23 22:00:00,1.541,22,1.0,
2007-01-23 23:00:00,1.3226666666666669,23,1.0,
2007-01-24 00:00:00,1.8474,0,2.0,
2007-01-24 01:00:00,1.5868666666666666,1,2.0,
2007-01-24 02:00:00,1.4834333333333334,2,2.0,
2007-01-24 03:00:00,1.4792999999999998,3,2.0,
2007-01-24 04:00:00,1.4453,4,2.0,
2007-01-24 05:00:00,1.445733333333333,5,2.0,
2007-01-24 06:00:00,1.3818333333333332,6,2.0,
2007-01-24 07:00:00,3.5237,7,2.0,
2007-01-24 08:00:00,3.758166666666667,8,2.0,
2007-01-24 09:00:00,3.5179,9,2.0,
2007-01-24 10:00:00,2.6324666666666667,10,2.0,
2007-01-24 11:00:00,1.5583333333333331,11,2.0,
2007-01-24 12:00:00,2.8716,12,2.0,
2007-01-24 13:00:00,1.8371666666666668,13,2.0,
2007-01-24 14:00:00,1.5796333333333334,14,2.0,
2007-01-24 15:00:00,2.5398,15,2.0,
2007-01-24 16:00:00,2.7186000000000003,16,2.0,
2007-01-24 17:00:00,1.6884333333333332,17,2.0,
2007-01-24 18:00:00,2.170233333333333,18,2.0,
2007-01-24 19:00:00,2.157466666666666,19,2.0,
2007-01-24 20:00:00,2.9639666666666664,20,2.0,
2007-01-24 21:00:00,1.5511,21,2.0,
2007-01-24 22:00:00,0.9241,22,2.0,
2007-01-24 23:00:00,1.1350333333333331,23,2.0,
2007-01-25 00:00:00,0.5959,0,3.0,
2007-01-25 01:00:00,0.2531666666666666,1,3.0,
2007-01-25 02:00:00,0.3074,2,3.0,
2007-01-25 03:00:00,0.2604,3,3.0,
2007-01-25 04:00:00,0.3157,4,3.0,
2007-01-25 05:00:00,0.2601333333333333,5,3.0,
2007-01-25 06:00:00,0.5114,6,3.0,
2007-01-25 07:00:00,2.621166666666667,7,3.0,
2007-01-25 08:00:00,1.3268666666666666,8,3.0,
2007-01-25 09:00:00,0.587,9,3.0,
2007-01-25 10:00:00,0.2689,10,3.0,
2007-01-25 11:00:00,0.2921333333333333,11,3.0,
2007-01-25 12:00:00,0.2882666666666666,12,3.0,
2007-01-25 13:00:00,0.3601,13,3.0,
2007-01-25 14:00:00,1.2025666666666666,14,3.0,
2007-01-25 15:00:00,1.7188,15,3.0,
2007-01-25 16:00:00,1.4912333333333334,16,3.0,
2007-01-25 17:00:00,1.7649333333333332,17,3.0,
2007-01-25 18:00:00,2.4160666666666666,18,3.0,
2007-01-25 19:00:00,3.0424333333333333,19,3.0,
2007-01-25 20:00:00,2.0296,20,3.0,
2007-01-25 21:00:00,2.2985666666666664,21,3.0,
2007-01-25 22:00:00,1.3439333333333332,22,3.0,
2007-01-25 23:00:00,1.0490666666666668,23,3.0,
2007-01-26 00:00:00,0.2929,0,4.0,
2007-01-26 01:00:00,0.2753666666666666,1,4.0,
2007-01-26 02:00:00,0.2667333333333334,2,4.0,
2007-01-26 03:00:00,0.2842333333333333,3,4.0,
2007-01-26 04:00:00,0.2688666666666667,4,4.0,
2007-01-26 05:00:00,0.2894333333333333,5,4.0,
2007-01-26 06:00:00,1.0981,6,4.0,
2007-01-26 07:00:00,2.266366666666667,7,4.0,
2007-01-26 08:00:00,0.5117666666666667,8,4.0,
2007-01-26 09:00:00,0.8014666666666667,9,4.0,
2007-01-26 10:00:00,0.8000666666666666,10,4.0,
2007-01-26 11:00:00,2.5391,11,4.0,
2007-01-26 12:00:00,1.7148666666666663,12,4.0,
2007-01-26 13:00:00,1.5894666666666666,13,4.0,
2007-01-26 14:00:00,1.5365333333333335,14,4.0,
2007-01-26 15:00:00,0.6744666666666668,15,4.0,
2007-01-26 16:00:00,0.2902666666666667,16,4.0,
2007-01-26 17:00:00,0.5921666666666667,17,4.0,
2007-01-26 18:00:00,0.9061666666666668,18,4.0,
2007-01-26 19:00:00,1.7367,19,4.0,
2007-01-26 20:00:00,1.4773,20,4.0,
2007-01-26 21:00:00,2.6074,21,4.0,
2007-01-26 22:00:00,2.3952,22,4.0,
2007-01-26 23:00:00,1.7512666666666667,23,4.0,
2007-01-27 00:00:00,0.5147666666666667,0,5.0,
2007-01-27 01:00:00,0.4287666666666666,1,5.0,
2007-01-27 02:00:00,0.2627,2,5.0,
2007-01-27 03:00:00,0.2848666666666666,3,5.0,
2007-01-27 04:00:00,0.2901999999999999,4,5.0,
2007-01-27 05:00:00,0.2850666666666666,5,5.0,
2007-01-27 06:00:00,0.532,6,5.0,
2007-01-27 07:00:00,1.5318666666666667,7,5.0,
2007-01-27 08:00:00,2.054933333333333,8,5.0,
2007-01-27 09:00:00,1.8459666666666663,9,5.0,
2007-01-27 10:00:00,1.8327666666666669,10,5.0,
2007-01-27 11:00:00,1.5786666666666669,11,5.0,
2007-01-27 12:00:00,1.4027666666666667,12,5.0,
2007-01-27 13:00:00,1.5418666666666667,13,5.0,
2007-01-27 14:00:00,3.241833333333333,14,5.0,
2007-01-27 15:00:00,2.0887666666666664,15,5.0,
2007-01-27 16:00:00,2.0463333333333336,16,5.0,
2007-01-27 17:00:00,1.4345,17,5.0,
2007-01-27 18:00:00,2.0484,18,5.0,
2007-01-27 19:00:00,2.1107666666666667,19,5.0,
2007-01-27 20:00:00,2.014133333333333,20,5.0,
2007-01-27 21:00:00,1.046433333333333,21,5.0,
2007-01-27 22:00:00,0.5627666666666666,22,5.0,
2007-01-27 23:00:00,3.0867333333333336,23,5.0,
2007-01-28 00:00:00,3.172066666666667,0,6.0,
2007-01-28 01:00:00,1.4386,1,6.0,
2007-01-28 02:00:00,1.3858666666666666,2,6.0,
2007-01-28 03:00:00,1.442,3,6.0,
2007-01-28 04:00:00,1.4488333333333334,4,6.0,
2007-01-28 05:00:00,1.4096,5,6.0,
2007-01-28 06:00:00,1.4621333333333333,6,6.0,
2007-01-28 07:00:00,1.3680666666666668,7,6.0,
2007-01-28 08:00:00,2.228733333333333,8,6.0,
2007-01-28 09:00:00,2.1713,9,6.0,
2007-01-28 10:00:00,1.7712666666666663,10,6.0,
2007-01-28 11:00:00,2.156566666666667,11,6.0,
2007-01-28 12:00:00,4.195833333333334,12,6.0,
2007-01-28 13:00:00,3.3684333333333334,13,6.0,
2007-01-28 14:00:00,1.7754666666666667,14,6.0,
2007-01-28 15:00:00,2.2972,15,6.0,
2007-01-28 16:00:00,2.026366666666666,16,6.0,
2007-01-28 17:00:00,2.5222033898305085,17,6.0,
2007-01-28 18:00:00,3.2928333333333333,18,6.0,
2007-01-28 19:00:00,2.497,19,6.0,
2007-01-28 20:00:00,3.7912,20,6.0,
2007-01-28 21:00:00,3.0787,21,6.0,
2007-01-28 22:00:00,0.9065666666666666,22,6.0,
2007-01-28 23:00:00,0.3385999999999999,23,6.0,
2007-01-29 00:00:00,0.2769333333333333,0,0.0,
2007-01-29 01:00:00,0.3127,1,0.0,
2007-01-29 02:00:00,0.2769,2,0.0,
2007-01-29 03:00:00,0.3164999999999999,3,0.0,
2007-01-29 04:00:00,0.2720333333333333,4,0.0,
2007-01-29 05:00:00,1.0642333333333334,5,0.0,
2007-01-29 06:00:00,0.4944333333333333,6,0.0,
2007-01-29 07:00:00,1.2486666666666666,7,0.0,
2007-01-29 08:00:00,1.572633333333333,8,0.0,
2007-01-29 09:00:00,1.8279333333333327,9,0.0,
2007-01-29 10:00:00,1.5169666666666666,10,0.0,
2007-01-29 11:00:00,1.4119,11,0.0,
2007-01-29 12:00:00,1.5895333333333332,12,0.0,
2007-01-29 13:00:00,1.7716666666666667,13,0.0,
2007-01-29 14:00:00,1.4851666666666667,14,0.0,
2007-01-29 15:00:00,1.4688333333333332,15,0.0,
2007-01-29 16:00:00,1.7667666666666666,16,0.0,
2007-01-29 17:00:00,1.6542333333333334,17,0.0,
2007-01-29 18:00:00,2.393666666666667,18,0.0,
2007-01-29 19:00:00,2.8884666666666665,19,0.0,
2007-01-29 20:00:00,3.420333333333333,20,0.0,
2007-01-29 21:00:00,1.7399,21,0.0,
2007-01-29 22:00:00,0.9504,22,0.0,
2007-01-29 23:00:00,1.3236,23,0.0,
2007-01-30 00:00:00,0.3820666666666666,0,1.0,
2007-01-30 01:00:00,0.3172,1,1.0,
2007-01-30 02:00:00,0.2911333333333333,2,1.0,
2007-01-30 03:00:00,0.3211666666666666,3,1.0,
2007-01-30 04:00:00,0.2905333333333333,4,1.0,
2007-01-30 05:00:00,0.3303333333333333,5,1.0,
2007-01-30 06:00:00,0.9509666666666666,6,1.0,
2007-01-30 07:00:00,3.0251,7,1.0,
2007-01-30 08:00:00,1.5079,8,1.0,
2007-01-30 09:00:00,0.7467666666666666,9,1.0,
2007-01-30 10:00:00,0.2836999999999999,10,1.0,
2007-01-30 11:00:00,0.4939666666666666,11,1.0,
2007-01-30 12:00:00,0.6436,12,1.0,
2007-01-30 13:00:00,0.5605666666666667,13,1.0,
2007-01-30 14:00:00,0.6354000000000001,14,1.0,
2007-01-30 15:00:00,0.8202666666666667,15,1.0,
2007-01-30 16:00:00,1.4973,16,1.0,
2007-01-30 17:00:00,1.9338,17,1.0,
2007-01-30 18:00:00,3.2144666666666666,18,1.0,
2007-01-30 19:00:00,3.0642666666666667,19,1.0,
2007-01-30 20:00:00,2.8729333333333336,20,1.0,
2007-01-30 21:00:00,1.673266666666667,21,1.0,
2007-01-30 22:00:00,1.9906333333333333,22,1.0,
2007-01-30 23:00:00,0.6159666666666667,23,1.0,
2007-01-31 00:00:00,0.5723333333333334,0,2.0,
2007-01-31 01:00:00,0.3053666666666667,1,2.0,
2007-01-31 02:00:00,0.6035,2,2.0,
2007-01-31 03:00:00,0.5478333333333333,3,2.0,
2007-01-31 04:00:00,0.3127,4,2.0,
2007-01-31 05:00:00,0.3055,5,2.0,
2007-01-31 06:00:00,0.4234333333333333,6,2.0,
2007-01-31 07:00:00,1.3663333333333334,7,2.0,
2007-01-31 08:00:00,2.385933333333333,8,2.0,
2007-01-31 09:00:00,1.4084666666666663,9,2.0,
2007-01-31 10:00:00,1.3765,10,2.0,
2007-01-31 11:00:00,2.8378333333333337,11,2.0,
2007-01-31 12:00:00,3.9598333333333335,12,2.0,
2007-01-31 13:00:00,1.7827,13,2.0,
2007-01-31 14:00:00,1.8540333333333328,14,2.0,
2007-01-31 15:00:00,3.7652,15,2.0,
2007-01-31 16:00:00,2.150033333333333,16,2.0,
2007-01-31 17:00:00,1.7046666666666668,17,2.0,
2007-01-31 18:00:00,3.0290666666666666,18,2.0,
2007-01-31 19:00:00,2.5259,19,2.0,
2007-01-31 20:00:00,1.1596666666666666,20,2.0,
2007-01-31 21:00:00,2.838866666666666,21,2.0,
2007-01-31 22:00:00,1.8619666666666668,22,2.0,
2007-01-31 23:00:00,0.3182,23,2.0,
2007-02-01 00:00:00,0.2785333333333333,0,3.0,
2007-02-01 01:00:00,0.3191666666666666,1,3.0,
2007-02-01 02:00:00,0.2909333333333333,2,3.0,
2007-02-01 03:00:00,0.2961,3,3.0,
2007-02-01 04:00:00,0.3044333333333334,4,3.0,
2007-02-01 05:00:00,0.6714,5,3.0,
2007-02-01 06:00:00,2.2194333333333334,6,3.0,
2007-02-01 07:00:00,3.058266666666667,7,3.0,
2007-02-01 08:00:00,3.297333333333333,8,3.0,
2007-02-01 09:00:00,2.0541333333333336,9,3.0,
2007-02-01 10:00:00,1.4743333333333335,10,3.0,
2007-02-01 11:00:00,1.3719333333333334,11,3.0,
2007-02-01 12:00:00,0.6152,12,3.0,
2007-02-01 13:00:00,0.2980666666666666,13,3.0,
2007-02-01 14:00:00,0.3099,14,3.0,
2007-02-01 15:00:00,0.298,15,3.0,
2007-02-01 16:00:00,0.3325666666666667,16,3.0,
2007-02-01 17:00:00,0.8054,17,3.0,
2007-02-01 18:00:00,2.5809333333333333,18,3.0,
2007-02-01 19:00:00,2.9752666666666667,19,3.0,
2007-02-01 20:00:00,2.1294666666666666,20,3.0,
2007-02-01 21:00:00,1.5540999999999998,21,3.0,
2007-02-01 22:00:00,1.4993333333333332,22,3.0,
2007-02-01 23:00:00,1.3784333333333334,23,3.0,
2007-02-02 00:00:00,0.7672,0,4.0,
2007-02-02 01:00:00,0.3079,1,4.0,
2007-02-02 02:00:00,0.2901333333333333,2,4.0,
2007-02-02 03:00:00,0.3145333333333333,3,4.0,
2007-02-02 04:00:00,0.2905,4,4.0,
2007-02-02 05:00:00,0.2654666666666667,5,4.0,
2007-02-02 06:00:00,1.2541,6,4.0,
2007-02-02 07:00:00,2.2760666666666665,7,4.0,
2007-02-02 08:00:00,1.5202666666666669,8,4.0,
2007-02-02 09:00:00,1.4969333333333334,9,4.0,
2007-02-02 10:00:00,1.6607333333333334,10,4.0,
2007-02-02 11:00:00,1.3054666666666668,11,4.0,
2007-02-02 12:00:00,0.6488333333333334,12,4.0,
2007-02-02 13:00:00,1.4698666666666669,13,4.0,
2007-02-02 14:00:00,0.8283333333333333,14,4.0,
2007-02-02 15:00:00,0.3098,15,4.0,
2007-02-02 16:00:00,0.3746,16,4.0,
2007-02-02 17:00:00,0.5165666666666666,17,4.0,
2007-02-02 18:00:00,2.2891,18,4.0,
2007-02-02 19:00:00,2.1169,19,4.0,
2007-02-02 20:00:00,1.0995333333333333,20,4.0,
2007-02-02 21:00:00,0.5883666666666667,21,4.0,
2007-02-02 22:00:00,2.3489,22,4.0,
2007-02-02 23:00:00,3.4555,23,4.0,
2007-02-03 00:00:00,3.7147,0,5.0,
2007-02-03 01:00:00,3.490833333333333,1,5.0,
2007-02-03 02:00:00,3.498266666666667,2,5.0,
2007-02-03 03:00:00,2.3622666666666663,3,5.0,
2007-02-03 04:00:00,2.1882,4,5.0,
2007-02-03 05:00:00,2.3264666666666667,5,5.0,
2007-02-03 06:00:00,2.080433333333333,6,5.0,
2007-02-03 07:00:00,2.048966666666667,7,5.0,
2007-02-03 08:00:00,2.1832333333333334,8,5.0,
2007-02-03 09:00:00,1.4622666666666668,9,5.0,
2007-02-03 10:00:00,1.5395666666666663,10,5.0,
2007-02-03 11:00:00,1.6489,11,5.0,
2007-02-03 12:00:00,1.5794666666666666,12,5.0,
2007-02-03 13:00:00,1.6698333333333333,13,5.0,
2007-02-03 14:00:00,3.927233333333333,14,5.0,
2007-02-03 15:00:00,2.3386333333333336,15,5.0,
2007-02-03 16:00:00,2.5464333333333333,16,5.0,
2007-02-03 17:00:00,2.4434,17,5.0,
2007-02-03 18:00:00,5.021133333333334,18,5.0,
2007-02-03 19:00:00,5.814666666666667,19,5.0,
2007-02-03 20:00:00,3.4913666666666665,20,5.0,
2007-02-03 21:00:00,3.700733333333333,21,5.0,
2007-02-03 22:00:00,3.3509333333333333,22,5.0,
2007-02-03 23:00:00,2.7341,23,5.0,
2007-02-04 00:00:00,5.073333333333333,0,6.0,
2007-02-04 01:00:00,4.1593333333333335,1,6.0,
2007-02-04 02:00:00,2.3561,2,6.0,
2007-02-04 03:00:00,1.9491666666666667,3,6.0,
2007-02-04 04:00:00,1.962,4,6.0,
2007-02-04 05:00:00,2.0102,5,6.0,
2007-02-04 06:00:00,2.927833333333333,6,6.0,
2007-02-04 07:00:00,1.9215666666666664,7,6.0,
2007-02-04 08:00:00,2.2655000000000003,8,6.0,
2007-02-04 09:00:00,2.7268,9,6.0,
2007-02-04 10:00:00,2.4113,10,6.0,
2007-02-04 11:00:00,1.1804,11,6.0,
2007-02-04 12:00:00,2.146066666666667,12,6.0,
2007-02-04 13:00:00,1.955,13,6.0,
2007-02-04 14:00:00,1.4865333333333333,14,6.0,
2007-02-04 15:00:00,2.4748666666666663,15,6.0,
2007-02-04 16:00:00,3.5664333333333333,16,6.0,
2007-02-04 17:00:00,2.2996666666666665,17,6.0,
2007-02-04 18:00:00,2.6762,18,6.0,
2007-02-04 19:00:00,3.1262666666666665,19,6.0,
2007-02-04 20:00:00,3.1421,20,6.0,
2007-02-04 21:00:00,2.398,21,6.0,
2007-02-04 22:00:00,1.5812333333333333,22,6.0,
2007-02-04 23:00:00,2.1364333333333336,23,6.0,
2007-02-05 00:00:00,0.4075333333333333,0,0.0,
2007-02-05 01:00:00,0.3451666666666667,1,0.0,
2007-02-05 02:00:00,0.3670666666666667,2,0.0,
2007-02-05 03:00:00,0.3756666666666666,3,0.0,
2007-02-05 04:00:00,0.3484666666666667,4,0.0,
2007-02-05 05:00:00,1.1524666666666663,5,0.0,
2007-02-05 06:00:00,0.6109333333333333,6,0.0,
2007-02-05 07:00:00,1.6595333333333333,7,0.0,
2007-02-05 08:00:00,2.9853333333333336,8,0.0,
2007-02-05 09:00:00,1.3600333333333334,9,0.0,
2007-02-05 10:00:00,1.3586666666666667,10,0.0,
2007-02-05 11:00:00,0.3018333333333333,11,0.0,
2007-02-05 12:00:00,0.7607,12,0.0,
2007-02-05 13:00:00,0.6321666666666667,13,0.0,
2007-02-05 14:00:00,1.0875333333333332,14,0.0,
2007-02-05 15:00:00,1.6096333333333337,15,0.0,
2007-02-05 16:00:00,0.8329666666666667,16,0.0,
2007-02-05 17:00:00,0.7617333333333334,17,0.0,
2007-02-05 18:00:00,0.9984,18,0.0,
2007-02-05 19:00:00,2.2243666666666666,19,0.0,
2007-02-05 20:00:00,3.442433333333333,20,0.0,
2007-02-05 21:00:00,2.335033333333333,21,0.0,
2007-02-05 22:00:00,1.0438666666666667,22,0.0,
2007-02-05 23:00:00,0.4198,23,0.0,
2007-02-06 00:00:00,0.4016,0,1.0,
2007-02-06 01:00:00,0.7741666666666667,1,1.0,
2007-02-06 02:00:00,0.3249333333333333,2,1.0,
2007-02-06 03:00:00,0.2961333333333333,3,1.0,
2007-02-06 04:00:00,0.2711,4,1.0,
2007-02-06 05:00:00,0.3188333333333333,5,1.0,
2007-02-06 06:00:00,0.5966333333333333,6,1.0,
2007-02-06 07:00:00,1.3882333333333332,7,1.0,
2007-02-06 08:00:00,1.8561,8,1.0,
2007-02-06 09:00:00,0.9077666666666668,9,1.0,
2007-02-06 10:00:00,0.6846666666666666,10,1.0,
2007-02-06 11:00:00,0.7385333333333333,11,1.0,
2007-02-06 12:00:00,0.5483,12,1.0,
2007-02-06 13:00:00,0.8508,13,1.0,
2007-02-06 14:00:00,1.1567,14,1.0,
2007-02-06 15:00:00,1.5821,15,1.0,
2007-02-06 16:00:00,0.6899333333333334,16,1.0,
2007-02-06 17:00:00,0.6788666666666666,17,1.0,
2007-02-06 18:00:00,0.6693333333333332,18,1.0,
2007-02-06 19:00:00,0.6310333333333333,19,1.0,
2007-02-06 20:00:00,1.8967,20,1.0,
2007-02-06 21:00:00,2.7790666666666666,21,1.0,
2007-02-06 22:00:00,0.8889,22,1.0,
2007-02-06 23:00:00,0.2942333333333333,23,1.0,
2007-02-07 00:00:00,0.3101,0,2.0,
2007-02-07 01:00:00,0.2680666666666667,1,2.0,
2007-02-07 02:00:00,0.3268,2,2.0,
2007-02-07 03:00:00,0.2739,3,2.0,
2007-02-07 04:00:00,0.2795333333333333,4,2.0,
2007-02-07 05:00:00,0.3345666666666666,5,2.0,
2007-02-07 06:00:00,2.2319,6,2.0,
2007-02-07 07:00:00,2.769833333333333,7,2.0,
2007-02-07 08:00:00,2.190433333333333,8,2.0,
2007-02-07 09:00:00,1.8933,9,2.0,
2007-02-07 10:00:00,1.3503333333333332,10,2.0,
2007-02-07 11:00:00,2.281833333333333,11,2.0,
2007-02-07 12:00:00,2.0786,12,2.0,
2007-02-07 13:00:00,1.6673666666666669,13,2.0,
2007-02-07 14:00:00,1.6462333333333334,14,2.0,
2007-02-07 15:00:00,2.6188333333333333,15,2.0,
2007-02-07 16:00:00,1.9566666666666668,16,2.0,
2007-02-07 17:00:00,1.2212,17,2.0,
2007-02-07 18:00:00,1.772066666666667,18,2.0,
2007-02-07 19:00:00,2.450333333333333,19,2.0,
2007-02-07 20:00:00,1.7852,20,2.0,
2007-02-07 21:00:00,3.7329,21,2.0,
2007-02-07 22:00:00,2.5022,22,2.0,
2007-02-07 23:00:00,0.8581,23,2.0,
2007-02-08 00:00:00,0.3036,0,3.0,
2007-02-08 01:00:00,0.2927,1,3.0,
2007-02-08 02:00:00,0.2671333333333333,2,3.0,
2007-02-08 03:00:00,0.3409,3,3.0,
2007-02-08 04:00:00,0.3280333333333333,4,3.0,
2007-02-08 05:00:00,0.7444333333333333,5,3.0,
2007-02-08 06:00:00,1.1698666666666668,6,3.0,
2007-02-08 07:00:00,1.9156,7,3.0,
2007-02-08 08:00:00,1.7387666666666666,8,3.0,
2007-02-08 09:00:00,1.4494333333333331,9,3.0,
2007-02-08 10:00:00,1.338833333333333,10,3.0,
2007-02-08 11:00:00,1.3214666666666666,11,3.0,
2007-02-08 12:00:00,1.3881666666666668,12,3.0,
2007-02-08 13:00:00,0.4029,13,3.0,
2007-02-08 14:00:00,0.3354333333333333,14,3.0,
2007-02-08 15:00:00,0.6013000000000001,15,3.0,
2007-02-08 16:00:00,0.65,16,3.0,
2007-02-08 17:00:00,1.7688666666666668,17,3.0,
2007-02-08 18:00:00,1.772166666666667,18,3.0,
2007-02-08 19:00:00,3.3625333333333334,19,3.0,
2007-02-08 20:00:00,2.9786,20,3.0,
2007-02-08 21:00:00,2.7301333333333333,21,3.0,
2007-02-08 22:00:00,2.0262,22,3.0,
2007-02-08 23:00:00,0.7965,23,3.0,
2007-02-09 00:00:00,0.3205666666666666,0,4.0,
2007-02-09 01:00:00,0.2912666666666667,1,4.0,
2007-02-09 02:00:00,0.3426666666666666,2,4.0,
2007-02-09 03:00:00,0.2744999999999999,3,4.0,
2007-02-09 04:00:00,0.2797,4,4.0,
2007-02-09 05:00:00,0.3046333333333333,5,4.0,
2007-02-09 06:00:00,1.0863333333333334,6,4.0,
2007-02-09 07:00:00,2.3822666666666668,7,4.0,
2007-02-09 08:00:00,1.6581,8,4.0,
2007-02-09 09:00:00,1.3389333333333333,9,4.0,
2007-02-09 10:00:00,1.3302,10,4.0,
2007-02-09 11:00:00,1.3874,11,4.0,
2007-02-09 12:00:00,0.9891666666666666,12,4.0,
2007-02-09 13:00:00,1.0277,13,4.0,
2007-02-09 14:00:00,1.4179666666666668,14,4.0,
2007-02-09 15:00:00,0.6847,15,4.0,
2007-02-09 16:00:00,0.3513666666666666,16,4.0,
2007-02-09 17:00:00,0.3254666666666666,17,4.0,
2007-02-09 18:00:00,0.5458,18,4.0,
2007-02-09 19:00:00,1.572566666666667,19,4.0,
2007-02-09 20:00:00,2.384533333333333,20,4.0,
2007-02-09 21:00:00,2.251033333333333,21,4.0,
2007-02-09 22:00:00,3.8357666666666654,22,4.0,
2007-02-09 23:00:00,0.6206666666666667,23,4.0,
2007-02-10 00:00:00,0.3722666666666666,0,5.0,
2007-02-10 01:00:00,0.3233333333333333,1,5.0,
2007-02-10 02:00:00,0.3757666666666666,2,5.0,
2007-02-10 03:00:00,0.3348,3,5.0,
2007-02-10 04:00:00,0.3376333333333333,4,5.0,
2007-02-10 05:00:00,0.3533666666666667,5,5.0,
2007-02-10 06:00:00,0.8879333333333334,6,5.0,
2007-02-10 07:00:00,1.4676333333333331,7,5.0,
2007-02-10 08:00:00,1.6671,8,5.0,
2007-02-10 09:00:00,1.7970666666666666,9,5.0,
2007-02-10 10:00:00,2.2687000000000004,10,5.0,
2007-02-10 11:00:00,2.5523666666666665,11,5.0,
2007-02-10 12:00:00,2.789933333333333,12,5.0,
2007-02-10 13:00:00,2.0351666666666666,13,5.0,
2007-02-10 14:00:00,2.0697,14,5.0,
2007-02-10 15:00:00,1.5105333333333335,15,5.0,
2007-02-10 16:00:00,1.5002666666666669,16,5.0,
2007-02-10 17:00:00,1.8020666666666665,17,5.0,
2007-02-10 18:00:00,3.5159666666666665,18,5.0,
2007-02-10 19:00:00,4.7114666666666665,19,5.0,
2007-02-10 20:00:00,4.069733333333334,20,5.0,
2007-02-10 21:00:00,2.560466666666667,21,5.0,
2007-02-10 22:00:00,4.6905,22,5.0,
2007-02-10 23:00:00,3.1617,23,5.0,
2007-02-11 00:00:00,2.3246666666666664,0,6.0,
2007-02-11 01:00:00,2.0002,1,6.0,
2007-02-11 02:00:00,1.9685,2,6.0,
2007-02-11 03:00:00,1.951533333333333,3,6.0,
2007-02-11 04:00:00,2.0759666666666665,4,6.0,
2007-02-11 05:00:00,2.7324333333333333,5,6.0,
2007-02-11 06:00:00,2.5134333333333334,6,6.0,
2007-02-11 07:00:00,2.4083666666666668,7,6.0,
2007-02-11 08:00:00,2.654133333333333,8,6.0,
2007-02-11 09:00:00,2.6809333333333334,9,6.0,
2007-02-11 10:00:00,2.1008666666666667,10,6.0,
2007-02-11 11:00:00,3.439866666666666,11,6.0,
2007-02-11 12:00:00,3.7912666666666666,12,6.0,
2007-02-11 13:00:00,2.9738,13,6.0,
2007-02-11 14:00:00,3.4311333333333334,14,6.0,
2007-02-11 15:00:00,2.934466666666667,15,6.0,
2007-02-11 16:00:00,0.4385,16,6.0,
2007-02-11 17:00:00,1.5328666666666666,17,6.0,
2007-02-11 18:00:00,3.0267666666666666,18,6.0,
2007-02-11 19:00:00,3.4848,19,6.0,
2007-02-11 20:00:00,3.162,20,6.0,
2007-02-11 21:00:00,2.632766666666667,21,6.0,
2007-02-11 22:00:00,1.842833333333333,22,6.0,
2007-02-11 23:00:00,1.4183666666666668,23,6.0,
2007-02-12 00:00:00,1.4360333333333335,0,0.0,
2007-02-12 01:00:00,0.4513666666666667,1,0.0,
2007-02-12 02:00:00,0.3323666666666666,2,0.0,
2007-02-12 03:00:00,0.3464333333333333,3,0.0,
2007-02-12 04:00:00,0.3015,4,0.0,
2007-02-12 05:00:00,0.3166666666666666,5,0.0,
2007-02-12 06:00:00,1.8135,6,0.0,
2007-02-12 07:00:00,2.465966666666666,7,0.0,
2007-02-12 08:00:00,2.172,8,0.0,
2007-02-12 09:00:00,1.9933333333333327,9,0.0,
2007-02-12 10:00:00,1.3417,10,0.0,
2007-02-12 11:00:00,1.3756333333333333,11,0.0,
2007-02-12 12:00:00,0.9215666666666666,12,0.0,
2007-02-12 13:00:00,0.7283666666666666,13,0.0,
2007-02-12 14:00:00,1.3089666666666666,14,0.0,
2007-02-12 15:00:00,1.3888,15,0.0,
2007-02-12 16:00:00,0.7705333333333333,16,0.0,
2007-02-12 17:00:00,0.7217666666666667,17,0.0,
2007-02-12 18:00:00,1.0233666666666668,18,0.0,
2007-02-12 19:00:00,2.2556333333333334,19,0.0,
2007-02-12 20:00:00,3.605566666666667,20,0.0,
2007-02-12 21:00:00,2.354133333333333,21,0.0,
2007-02-12 22:00:00,0.9483333333333334,22,0.0,
2007-02-12 23:00:00,0.9199666666666668,23,0.0,
2007-02-13 00:00:00,0.2758666666666666,0,1.0,
2007-02-13 01:00:00,0.3182,1,1.0,
2007-02-13 02:00:00,0.2888666666666666,2,1.0,
2007-02-13 03:00:00,0.2969333333333333,3,1.0,
2007-02-13 04:00:00,0.2794333333333333,4,1.0,
2007-02-13 05:00:00,0.2854,5,1.0,
2007-02-13 06:00:00,0.9443,6,1.0,
2007-02-13 07:00:00,1.6729666666666667,7,1.0,
2007-02-13 08:00:00,1.0205666666666666,8,1.0,
2007-02-13 09:00:00,0.5279666666666667,9,1.0,
2007-02-13 10:00:00,0.4956,10,1.0,
2007-02-13 11:00:00,0.5820666666666666,11,1.0,
2007-02-13 12:00:00,0.5306666666666666,12,1.0,
2007-02-13 13:00:00,0.3222,13,1.0,
2007-02-13 14:00:00,0.7677666666666667,14,1.0,
2007-02-13 15:00:00,0.4402,15,1.0,
2007-02-13 16:00:00,1.2427666666666668,16,1.0,
2007-02-13 17:00:00,1.4959333333333331,17,1.0,
2007-02-13 18:00:00,2.2465333333333333,18,1.0,
2007-02-13 19:00:00,2.4596333333333336,19,1.0,
2007-02-13 20:00:00,1.4399333333333333,20,1.0,
2007-02-13 21:00:00,3.5453,21,1.0,
2007-02-13 22:00:00,0.8668,22,1.0,
2007-02-13 23:00:00,1.2298666666666669,23,1.0,
2007-02-14 00:00:00,0.3474666666666666,0,2.0,
2007-02-14 01:00:00,0.2839333333333333,1,2.0,
2007-02-14 02:00:00,0.2900666666666666,2,2.0,
2007-02-14 03:00:00,0.3202666666666667,3,2.0,
2007-02-14 04:00:00,0.2866,4,2.0,
2007-02-14 05:00:00,0.2891666666666667,5,2.0,
2007-02-14 06:00:00,1.635133333333333,6,2.0,
2007-02-14 07:00:00,2.7165000000000004,7,2.0,
2007-02-14 08:00:00,2.548633333333333,8,2.0,
2007-02-14 09:00:00,1.906,9,2.0,
2007-02-14 10:00:00,1.3256,10,2.0,
2007-02-14 11:00:00,1.9100666666666664,11,2.0,
2007-02-14 12:00:00,3.4512666666666667,12,2.0,
2007-02-14 13:00:00,2.4897,13,2.0,
2007-02-14 14:00:00,2.430233333333333,14,2.0,
2007-02-14 15:00:00,4.364133333333333,15,2.0,
2007-02-14 16:00:00,2.181033333333333,16,2.0,
2007-02-14 17:00:00,0.9785666666666668,17,2.0,
2007-02-14 18:00:00,2.4165,18,2.0,
2007-02-14 19:00:00,2.329733333333333,19,2.0,
2007-02-14 20:00:00,1.8198333333333327,20,2.0,
2007-02-14 21:00:00,3.397366666666667,21,2.0,
2007-02-14 22:00:00,1.586666666666667,22,2.0,
2007-02-14 23:00:00,0.3400666666666667,23,2.0,
2007-02-15 00:00:00,0.4200333333333333,0,3.0,
2007-02-15 01:00:00,0.4043666666666666,1,3.0,
2007-02-15 02:00:00,0.3647,2,3.0,
2007-02-15 03:00:00,0.3144666666666666,3,3.0,
2007-02-15 04:00:00,0.2924333333333333,4,3.0,
2007-02-15 05:00:00,1.0678,5,3.0,
2007-02-15 06:00:00,1.6865666666666668,6,3.0,
2007-02-15 07:00:00,2.329833333333333,7,3.0,
2007-02-15 08:00:00,1.4504,8,3.0,
2007-02-15 09:00:00,1.4344666666666666,9,3.0,
2007-02-15 10:00:00,1.3697,10,3.0,
2007-02-15 11:00:00,1.3831,11,3.0,
2007-02-15 12:00:00,1.4236333333333335,12,3.0,
2007-02-15 13:00:00,1.0671666666666666,13,3.0,
2007-02-15 14:00:00,0.3267666666666667,14,3.0,
2007-02-15 15:00:00,0.3211,15,3.0,
2007-02-15 16:00:00,0.4605333333333333,16,3.0,
2007-02-15 17:00:00,0.4154666666666667,17,3.0,
2007-02-15 18:00:00,1.7775333333333334,18,3.0,
2007-02-15 19:00:00,4.1108,19,3.0,
2007-02-15 20:00:00,3.617766666666667,20,3.0,
2007-02-15 21:00:00,2.9623,21,3.0,
2007-02-15 22:00:00,2.4241333333333333,22,3.0,
2007-02-15 23:00:00,1.6640333333333333,23,3.0,
2007-02-16 00:00:00,1.5622,0,4.0,
2007-02-16 01:00:00,0.8258666666666666,1,4.0,
2007-02-16 02:00:00,0.5310666666666667,2,4.0,
2007-02-16 03:00:00,0.5006333333333334,3,4.0,
2007-02-16 04:00:00,0.4903666666666667,4,4.0,
2007-02-16 05:00:00,0.5822333333333333,5,4.0,
2007-02-16 06:00:00,3.3264666666666667,6,4.0,
2007-02-16 07:00:00,2.4198666666666666,7,4.0,
2007-02-16 08:00:00,0.335,8,4.0,
2007-02-16 09:00:00,0.3439666666666666,9,4.0,
2007-02-16 10:00:00,0.3553,10,4.0,
2007-02-16 11:00:00,0.9893666666666668,11,4.0,
2007-02-16 12:00:00,0.3327333333333333,12,4.0,
2007-02-16 13:00:00,0.3649333333333333,13,4.0,
2007-02-16 14:00:00,0.3291,14,4.0,
2007-02-16 15:00:00,0.3252333333333333,15,4.0,
2007-02-16 16:00:00,0.3426,16,4.0,
2007-02-16 17:00:00,0.4127666666666666,17,4.0,
2007-02-16 18:00:00,1.4101333333333337,18,4.0,
2007-02-16 19:00:00,3.1297333333333333,19,4.0,
2007-02-16 20:00:00,2.8264,20,4.0,
2007-02-16 21:00:00,2.795133333333333,21,4.0,
2007-02-16 22:00:00,2.036633333333333,22,4.0,
2007-02-16 23:00:00,1.8077333333333327,23,4.0,
2007-02-17 00:00:00,1.5136333333333334,0,5.0,
2007-02-17 01:00:00,1.1187,1,5.0,
2007-02-17 02:00:00,0.2872,2,5.0,
2007-02-17 03:00:00,0.3238,3,5.0,
2007-02-17 04:00:00,0.3143333333333333,4,5.0,
2007-02-17 05:00:00,0.4798666666666667,5,5.0,
2007-02-17 06:00:00,0.4871333333333333,6,5.0,
2007-02-17 07:00:00,0.9733666666666668,7,5.0,
2007-02-17 08:00:00,2.6103333333333336,8,5.0,
2007-02-17 09:00:00,2.065433333333333,9,5.0,
2007-02-17 10:00:00,0.8135333333333333,10,5.0,
2007-02-17 11:00:00,0.2861333333333333,11,5.0,
2007-02-17 12:00:00,0.4473,12,5.0,
2007-02-17 13:00:00,2.270233333333333,13,5.0,
2007-02-17 14:00:00,1.6168,14,5.0,
2007-02-17 15:00:00,1.8021666666666667,15,5.0,
2007-02-17 16:00:00,0.5690000000000001,16,5.0,
2007-02-17 17:00:00,0.4366,17,5.0,
2007-02-17 18:00:00,1.0970666666666666,18,5.0,
2007-02-17 19:00:00,2.694433333333333,19,5.0,
2007-02-17 20:00:00,1.8740666666666668,20,5.0,
2007-02-17 21:00:00,2.7505666666666664,21,5.0,
2007-02-17 22:00:00,3.8482666666666665,22,5.0,
2007-02-17 23:00:00,3.9352333333333336,23,5.0,
2007-02-18 00:00:00,4.465,0,6.0,
2007-02-18 01:00:00,3.8883666666666654,1,6.0,
2007-02-18 02:00:00,2.414,2,6.0,
2007-02-18 03:00:00,1.3753666666666668,3,6.0,
2007-02-18 04:00:00,0.3047666666666667,4,6.0,
2007-02-18 05:00:00,0.8426666666666667,5,6.0,
2007-02-18 06:00:00,3.5902666666666665,6,6.0,
2007-02-18 07:00:00,2.4239333333333333,7,6.0,
2007-02-18 08:00:00,3.395966666666667,8,6.0,
2007-02-18 09:00:00,3.4226,9,6.0,
2007-02-18 10:00:00,4.200566666666666,10,6.0,
2007-02-18 11:00:00,2.4564,11,6.0,
2007-02-18 12:00:00,3.660933333333333,12,6.0,
2007-02-18 13:00:00,3.336933333333333,13,6.0,
2007-02-18 14:00:00,3.545933333333333,14,6.0,
2007-02-18 15:00:00,1.6473,15,6.0,
2007-02-18 16:00:00,2.1613666666666664,16,6.0,
2007-02-18 17:00:00,2.1426666666666665,17,6.0,
2007-02-18 18:00:00,3.401366666666666,18,6.0,
2007-02-18 19:00:00,3.946033333333333,19,6.0,
2007-02-18 20:00:00,3.4008666666666665,20,6.0,
2007-02-18 21:00:00,2.628333333333333,21,6.0,
2007-02-18 22:00:00,0.7909,22,6.0,
2007-02-18 23:00:00,0.3868333333333333,23,6.0,
2007-02-19 00:00:00,0.3666666666666666,0,0.0,
2007-02-19 01:00:00,0.8415333333333332,1,0.0,
2007-02-19 02:00:00,0.3037666666666666,2,0.0,
2007-02-19 03:00:00,0.3525,3,0.0,
2007-02-19 04:00:00,0.3331666666666666,4,0.0,
2007-02-19 05:00:00,0.3122999999999999,5,0.0,
2007-02-19 06:00:00,1.3919,6,0.0,
2007-02-19 07:00:00,1.9478,7,0.0,
2007-02-19 08:00:00,1.6239,8,0.0,
2007-02-19 09:00:00,1.3547,9,0.0,
2007-02-19 10:00:00,1.4257666666666668,10,0.0,
2007-02-19 11:00:00,1.3995666666666666,11,0.0,
2007-02-19 12:00:00,1.8071666666666668,12,0.0,
2007-02-19 13:00:00,0.9879666666666668,13,0.0,
2007-02-19 14:00:00,0.3456666666666666,14,0.0,
2007-02-19 15:00:00,0.2965333333333333,15,0.0,
2007-02-19 16:00:00,0.3283666666666666,16,0.0,
2007-02-19 17:00:00,0.5792666666666667,17,0.0,
2007-02-19 18:00:00,3.4106666666666663,18,0.0,
2007-02-19 19:00:00,4.263566666666667,19,0.0,
2007-02-19 20:00:00,3.9734,20,0.0,
2007-02-19 21:00:00,3.6578666666666666,21,0.0,
2007-02-19 22:00:00,2.6383333333333336,22,0.0,
2007-02-19 23:00:00,2.5012,23,0.0,
2007-02-20 00:00:00,2.4887333333333337,0,1.0,
2007-02-20 01:00:00,2.396466666666667,1,1.0,
2007-02-20 02:00:00,2.4445666666666668,2,1.0,
2007-02-20 03:00:00,2.8473333333333333,3,1.0,
2007-02-20 04:00:00,2.6662666666666666,4,1.0,
2007-02-20 05:00:00,2.3634666666666666,5,1.0,
2007-02-20 06:00:00,2.8587,6,1.0,
2007-02-20 07:00:00,4.4166,7,1.0,
2007-02-20 08:00:00,3.482266666666667,8,1.0,
2007-02-20 09:00:00,2.669666666666666,9,1.0,
2007-02-20 10:00:00,1.7668666666666666,10,1.0,
2007-02-20 11:00:00,1.6853,11,1.0,
2007-02-20 12:00:00,1.6381333333333332,12,1.0,
2007-02-20 13:00:00,1.9488666666666667,13,1.0,
2007-02-20 14:00:00,1.5639333333333334,14,1.0,
2007-02-20 15:00:00,0.3811666666666667,15,1.0,
2007-02-20 16:00:00,0.4263666666666666,16,1.0,
2007-02-20 17:00:00,0.4332,17,1.0,
2007-02-20 18:00:00,1.0013,18,1.0,
2007-02-20 19:00:00,2.0312,19,1.0,
2007-02-20 20:00:00,4.4047,20,1.0,
2007-02-20 21:00:00,2.803933333333333,21,1.0,
2007-02-20 22:00:00,1.9939,22,1.0,
2007-02-20 23:00:00,1.7858666666666667,23,1.0,
2007-02-21 00:00:00,0.3195666666666666,0,2.0,
2007-02-21 01:00:00,0.3043333333333333,1,2.0,
2007-02-21 02:00:00,0.9351666666666668,2,2.0,
2007-02-21 03:00:00,0.3074333333333333,3,2.0,
2007-02-21 04:00:00,0.3084333333333333,4,2.0,
2007-02-21 05:00:00,0.2765333333333333,5,2.0,
2007-02-21 06:00:00,0.6152666666666666,6,2.0,
2007-02-21 07:00:00,2.095733333333333,7,2.0,
2007-02-21 08:00:00,1.4324,8,2.0,
2007-02-21 09:00:00,1.3381666666666667,9,2.0,
2007-02-21 10:00:00,1.4221,10,2.0,
2007-02-21 11:00:00,0.6976666666666667,11,2.0,
2007-02-21 12:00:00,0.8043666666666667,12,2.0,
2007-02-21 13:00:00,0.4357,13,2.0,
2007-02-21 14:00:00,0.3365,14,2.0,
2007-02-21 15:00:00,1.7006333333333332,15,2.0,
2007-02-21 16:00:00,1.8283,16,2.0,
2007-02-21 17:00:00,2.0383666666666667,17,2.0,
2007-02-21 18:00:00,2.859233333333333,18,2.0,
2007-02-21 19:00:00,3.020833333333333,19,2.0,
2007-02-21 20:00:00,4.016133333333333,20,2.0,
2007-02-21 21:00:00,2.1131333333333333,21,2.0,
2007-02-21 22:00:00,2.661466666666666,22,2.0,
2007-02-21 23:00:00,2.680433333333333,23,2.0,
2007-02-22 00:00:00,1.987766666666667,0,3.0,
2007-02-22 01:00:00,2.345066666666667,1,3.0,
2007-02-22 02:00:00,2.3484,2,3.0,
2007-02-22 03:00:00,2.373733333333333,3,3.0,
2007-02-22 04:00:00,2.2988666666666666,4,3.0,
2007-02-22 05:00:00,2.3483666666666663,5,3.0,
2007-02-22 06:00:00,3.5509,6,3.0,
2007-02-22 07:00:00,3.963533333333333,7,3.0,
2007-02-22 08:00:00,3.5113333333333334,8,3.0,
2007-02-22 09:00:00,1.635,9,3.0,
2007-02-22 10:00:00,1.4627333333333332,10,3.0,
2007-02-22 11:00:00,1.5265,11,3.0,
2007-02-22 12:00:00,1.6751333333333334,12,3.0,
2007-02-22 13:00:00,0.3414666666666666,13,3.0,
2007-02-22 14:00:00,0.6082666666666667,14,3.0,
2007-02-22 15:00:00,0.4879,15,3.0,
2007-02-22 16:00:00,0.7076666666666667,16,3.0,
2007-02-22 17:00:00,0.7026333333333333,17,3.0,
2007-02-22 18:00:00,1.6140666666666663,18,3.0,
2007-02-22 19:00:00,4.490033333333333,19,3.0,
2007-02-22 20:00:00,3.460833333333333,20,3.0,
2007-02-22 21:00:00,6.363866666666667,21,3.0,
2007-02-22 22:00:00,3.515551724137932,22,3.0,
2007-02-22 23:00:00,2.9555333333333333,23,3.0,
2007-02-23 00:00:00,1.0169333333333332,0,4.0,
2007-02-23 01:00:00,0.2962999999999999,1,4.0,
2007-02-23 02:00:00,0.3116333333333333,2,4.0,
2007-02-23 03:00:00,0.2789999999999999,3,4.0,
2007-02-23 04:00:00,0.3243,4,4.0,
2007-02-23 05:00:00,0.2627333333333333,5,4.0,
2007-02-23 06:00:00,0.2868,6,4.0,
2007-02-23 07:00:00,2.3393666666666664,7,4.0,
2007-02-23 08:00:00,2.0058,8,4.0,
2007-02-23 09:00:00,1.6670333333333334,9,4.0,
2007-02-23 10:00:00,1.5247666666666668,10,4.0,
2007-02-23 11:00:00,1.2568,11,4.0,
2007-02-23 12:00:00,1.453733333333333,12,4.0,
2007-02-23 13:00:00,1.5165,13,4.0,
2007-02-23 14:00:00,1.403166666666667,14,4.0,
2007-02-23 15:00:00,1.3986333333333334,15,4.0,
2007-02-23 16:00:00,1.3895000000000002,16,4.0,
2007-02-23 17:00:00,0.7157666666666667,17,4.0,
2007-02-23 18:00:00,0.3374666666666667,18,4.0,
2007-02-23 19:00:00,0.2815,19,4.0,
2007-02-23 20:00:00,0.3099333333333333,20,4.0,
2007-02-23 21:00:00,0.3268333333333333,21,4.0,
2007-02-23 22:00:00,0.3439666666666667,22,4.0,
2007-02-23 23:00:00,0.8428666666666668,23,4.0,
2007-02-24 00:00:00,0.3820666666666666,0,5.0,
2007-02-24 01:00:00,0.3034333333333333,1,5.0,
2007-02-24 02:00:00,0.2846,2,5.0,
2007-02-24 03:00:00,1.1426666666666667,3,5.0,
2007-02-24 04:00:00,1.377,4,5.0,
2025-06-29 10:00:00,1.11,10,,6.0
